{
	"format_version": "1.8.0",
	"minecraft:client_entity": {
		"description": {
			"identifier": "dw623:friendly_ghost",
			"materials": {
				"default": "ghast"
			},
			"textures": {
				"default": "textures/entity/friendly_ghost/friendly_ghost",
				"shooting": "textures/entity/friendly_ghost/shooting"
			},
			"geometry": {
				"default": "geometry.friendly_ghost"
			},
			"spawn_egg": {
				"base_color": "#cccee1",
				"overlay_color": "#eef4ed"
			},
			"animations": {
				"move": "animation.friendly_ghost.move",
				"scale": "animation.friendly_ghost.scale"
			},
			"animation_controllers": [
				{
					"move": "controller.animation.ghast.move"
				},
				{
					"scale": "controller.animation.ghast.scale"
				}
			],
			"render_controllers": ["controller.render.ghast"]
		}
	}
}