{
  "format_version": "1.20.30",
  "minecraft:entity": {
    "description": {
      "identifier": "dw623:leaf_minion_acacia_7",
      "is_spawnable": false,
      "is_summonable": true,
      "is_experimental": false,
      "properties": {
        "bit:has_silk_touch": {
          "type": "bool",
          "default": false
        }
      }
    },
    "component_groups": {
      "cg:despawn_check": {
        "minecraft:despawn": {
          "filters": [
            {
              "none_of": [
                {
                  "test": "in_block",
                  "value": "minecraft:leaves2"
                }
              ]
            }
          ]
        }
      },
      "cg:delay_timer_step_2_minion": {
        "minecraft:timer": {
          "time": 0.05,
          "looping": false,
          "randomInterval": false,
          "time_down_event": {
            "event": "ev:step_2_minion_process"
          }
        }
      },
      "cg:delay_timer_step_3_summon": {
        "minecraft:timer": {
          "time": [
            0.01,
            0.25
          ],
          "looping": false,
          "randomInterval": true,
          "time_down_event": {
            "event": "ev:step_3_summon_to_neighbors"
          }
        }
      },
      "cg:despawn": {
        "minecraft:instant_despawn": {
        }
      },
      "cg:despawn_guarantee_timer": {
        "minecraft:timer": {
          "time": 0.1,
          "looping": false,
          "randomInterval": false,
          "time_down_event": {
            "event": "ev:despawn"
          }
        }
      },
      "cg:despawn_if_air_after_summoning": {
        "minecraft:despawn": {
          "filters": {
            "test": "in_block",
            "value": "minecraft:air"
          }
        }
      }
    },
    "components": {
      "minecraft:despawn": {
        "filters": [
          {
            "none_of": [
              {
                "test": "in_block",
                "value": "minecraft:air"
              },
              {
                "test": "in_block",
                "value": "minecraft:leaves2"
              }
            ]
          }
        ]
      },
      "minecraft:breathable": {
        "breathes_air": true,
        "breathes_lava": true,
        "breathes_solids": true,
        "breathes_water": true,
        "generates_bubbles": false,
        "inhale_time": 1.0,
        "suffocate_time": 10,
        "total_supply": 10
      },
      "minecraft:collision_box": {
        "height": 0.125,
        "width": 0.125
      },
      "minecraft:damage_sensor": {
        "triggers": {
          "cause": "all",
          "deals_damage": false
        }
      },
      "minecraft:health": {
        "value": 10,
        "max": 10
      },
      "minecraft:physics": {
        "has_gravity": false,
        "has_collision": false
      },
      "minecraft:scale": {
        "value": 0.25
      },
      "minecraft:timer": {
        "time": 5,
        "looping": false,
        "randomInterval": false,
        "time_down_event": {
          "event": "ev:despawn"
        }
      },
      "minecraft:type_family": {
        "family": [
          "minion",
          "leaf_minion"
        ]
      }
    },
    "events": {
      "ev:silk_touch_activate_leaf_air": {
        "sequence": [
          {
            "trigger": "ev:step_1c_loot_leaves"
          },
          {
            "run_command": {
              "command": [
                "tell @p[r=5,tag=debug_max] Silk Touch Activated - leaf - r7"
              ]
            },
            "set_property": {
              "bit:has_silk_touch": true
            }
          },
          {
            "add": {
              "component_groups": [
                "cg:delay_timer_step_3_summon"
              ]
            }
          }
        ]
      },
      "ev:step_1c_loot_leaves": {
        "sequence": [
          {
            "run_command": {
              "command": [
                "tell @p[r=5,tag=debug_max] Looting Leaf",
                "loot spawn ~ ~ ~ loot \"vein_miner/tree_loot/acacia_leaf_loot\"",
                "setblock ~ ~ ~ dead_brain_coral"
              ]
            }
          }
        ]
      },
      "ev:step_2_minion_process": {
        "add": {
          "component_groups": [
            "cg:delay_timer_step_3_summon"
          ]
        }
      },
      "ev:step_3_summon_to_neighbors": {
        "sequence": [
          {
            "trigger": "ev:step_4a_summon_vertical"
          },
          {
            "trigger": "ev:step_4c_summon_horizontal_radius_one_plus"
          },
          {
            "add": {
              "component_groups": [
                "cg:despawn_if_air_after_summoning"
              ]
            }
          },
          {
            "trigger": "ev:step_z_destroy_block_and_despawn"
          }
        ]
      },
      "ev:step_4_debug": {
        "sequence": [
          {
            "run_command": {
              "command": [
                "tell @p[r=5,tag=debug_max] step_4a_debug - acacia - r7"
              ]
            }
          },
          {
            "run_command": {
              "command": [
                "execute if block ~-0.75 ~ ~ minecraft:leaves2 [\"new_leaf_type\" = \"acacia\", \"persistent_bit\" = false, \"update_bit\" = false] run tell @p[tag=debug_max] §aFound acacia Leaf-2 @ ~-1 ~ ~",
                "execute if block ~-0.75 ~ ~ minecraft:leaves2 [\"new_leaf_type\" = \"acacia\", \"persistent_bit\" = false, \"update_bit\" = true] run tell @p[tag=debug_max] §aFound acacia Leaf-2 @ ~-1 ~ ~",
                "execute if block ~-0.75 ~ ~ minecraft:leaves2 [\"new_leaf_type\" = \"acacia\", \"persistent_bit\" = true, \"update_bit\" = false] run tell @p[tag=debug_max] §aFound acacia Leaf-2 @ ~-1 ~ ~",
                "execute if block ~-0.75 ~ ~ minecraft:leaves2 [\"new_leaf_type\" = \"acacia\", \"persistent_bit\" = true, \"update_bit\" = true] run tell @p[tag=debug_max] §aFound acacia Leaf-2 @ ~-1 ~ ~",
                "execute if block ~0.75 ~ ~ minecraft:leaves2 [\"new_leaf_type\" = \"acacia\", \"persistent_bit\" = false, \"update_bit\" = false] run tell @p[tag=debug_max] §aFound acacia Leaf-2 @ ~1 ~ ~",
                "execute if block ~0.75 ~ ~ minecraft:leaves2 [\"new_leaf_type\" = \"acacia\", \"persistent_bit\" = false, \"update_bit\" = true] run tell @p[tag=debug_max] §aFound acacia Leaf-2 @ ~1 ~ ~",
                "execute if block ~0.75 ~ ~ minecraft:leaves2 [\"new_leaf_type\" = \"acacia\", \"persistent_bit\" = true, \"update_bit\" = false] run tell @p[tag=debug_max] §aFound acacia Leaf-2 @ ~1 ~ ~",
                "execute if block ~0.75 ~ ~ minecraft:leaves2 [\"new_leaf_type\" = \"acacia\", \"persistent_bit\" = true, \"update_bit\" = true] run tell @p[tag=debug_max] §aFound acacia Leaf-2 @ ~1 ~ ~",
                "execute if block ~ ~-0.75 ~ minecraft:leaves2 [\"new_leaf_type\" = \"acacia\", \"persistent_bit\" = false, \"update_bit\" = false] run tell @p[tag=debug_max] §aFound acacia Leaf-2 @ ~ ~-1 ~",
                "execute if block ~ ~-0.75 ~ minecraft:leaves2 [\"new_leaf_type\" = \"acacia\", \"persistent_bit\" = false, \"update_bit\" = true] run tell @p[tag=debug_max] §aFound acacia Leaf-2 @ ~ ~-1 ~",
                "execute if block ~ ~-0.75 ~ minecraft:leaves2 [\"new_leaf_type\" = \"acacia\", \"persistent_bit\" = true, \"update_bit\" = false] run tell @p[tag=debug_max] §aFound acacia Leaf-2 @ ~ ~-1 ~",
                "execute if block ~ ~-0.75 ~ minecraft:leaves2 [\"new_leaf_type\" = \"acacia\", \"persistent_bit\" = true, \"update_bit\" = true] run tell @p[tag=debug_max] §aFound acacia Leaf-2 @ ~ ~-1 ~",
                "execute if block ~ ~0.75 ~ minecraft:leaves2 [\"new_leaf_type\" = \"acacia\", \"persistent_bit\" = false, \"update_bit\" = false] run tell @p[tag=debug_max] §aFound acacia Leaf-2 @ ~ ~1 ~",
                "execute if block ~ ~0.75 ~ minecraft:leaves2 [\"new_leaf_type\" = \"acacia\", \"persistent_bit\" = false, \"update_bit\" = true] run tell @p[tag=debug_max] §aFound acacia Leaf-2 @ ~ ~1 ~",
                "execute if block ~ ~0.75 ~ minecraft:leaves2 [\"new_leaf_type\" = \"acacia\", \"persistent_bit\" = true, \"update_bit\" = false] run tell @p[tag=debug_max] §aFound acacia Leaf-2 @ ~ ~1 ~",
                "execute if block ~ ~0.75 ~ minecraft:leaves2 [\"new_leaf_type\" = \"acacia\", \"persistent_bit\" = true, \"update_bit\" = true] run tell @p[tag=debug_max] §aFound acacia Leaf-2 @ ~ ~1 ~",
                "execute if block ~ ~ ~-0.75 minecraft:leaves2 [\"new_leaf_type\" = \"acacia\", \"persistent_bit\" = false, \"update_bit\" = false] run tell @p[tag=debug_max] §aFound acacia Leaf-2 @ ~ ~ ~-1",
                "execute if block ~ ~ ~-0.75 minecraft:leaves2 [\"new_leaf_type\" = \"acacia\", \"persistent_bit\" = false, \"update_bit\" = true] run tell @p[tag=debug_max] §aFound acacia Leaf-2 @ ~ ~ ~-1",
                "execute if block ~ ~ ~-0.75 minecraft:leaves2 [\"new_leaf_type\" = \"acacia\", \"persistent_bit\" = true, \"update_bit\" = false] run tell @p[tag=debug_max] §aFound acacia Leaf-2 @ ~ ~ ~-1",
                "execute if block ~ ~ ~-0.75 minecraft:leaves2 [\"new_leaf_type\" = \"acacia\", \"persistent_bit\" = true, \"update_bit\" = true] run tell @p[tag=debug_max] §aFound acacia Leaf-2 @ ~ ~ ~-1",
                "execute if block ~ ~ ~0.75 minecraft:leaves2 [\"new_leaf_type\" = \"acacia\", \"persistent_bit\" = false, \"update_bit\" = false] run tell @p[tag=debug_max] §aFound acacia Leaf-2 @ ~ ~ ~1",
                "execute if block ~ ~ ~0.75 minecraft:leaves2 [\"new_leaf_type\" = \"acacia\", \"persistent_bit\" = false, \"update_bit\" = true] run tell @p[tag=debug_max] §aFound acacia Leaf-2 @ ~ ~ ~1",
                "execute if block ~ ~ ~0.75 minecraft:leaves2 [\"new_leaf_type\" = \"acacia\", \"persistent_bit\" = true, \"update_bit\" = false] run tell @p[tag=debug_max] §aFound acacia Leaf-2 @ ~ ~ ~1",
                "execute if block ~ ~ ~0.75 minecraft:leaves2 [\"new_leaf_type\" = \"acacia\", \"persistent_bit\" = true, \"update_bit\" = true] run tell @p[tag=debug_max] §aFound acacia Leaf-2 @ ~ ~ ~1"
              ]
            }
          }
        ]
      },
      "ev:step_4a_summon_vertical": {
        "sequence": [
          {
            "run_command": {
              "command": [
                "tell @p[r=5,tag=debug_max] step_4a_summon_vertical"
              ]
            }
          },
          {
            "filters": {
              "test": "bool_property",
              "domain": "bit:has_silk_touch",
              "value": false
            },
            "run_command": {
              "command": [
                "execute unless entity @e[family=leaf_minion,x=~,y=~-1,z=~,dx=0,dy=0,dz=0] run execute if block ~ ~-0.75 ~ minecraft:leaves2 [\"new_leaf_type\" = \"acacia\", \"persistent_bit\" = false, \"update_bit\" = false] run summon dw623:leaf_minion_acacia_7 ~ ~-1 ~  0 0 ev:efficiency_activate_leaf",
                "execute unless entity @e[family=leaf_minion,x=~,y=~-1,z=~,dx=0,dy=0,dz=0] run execute if block ~ ~-0.75 ~ minecraft:leaves2 [\"new_leaf_type\" = \"acacia\", \"persistent_bit\" = false, \"update_bit\" = true] run summon dw623:leaf_minion_acacia_7 ~ ~-1 ~  0 0 ev:efficiency_activate_leaf",
                "execute unless entity @e[family=leaf_minion,x=~,y=~-1,z=~,dx=0,dy=0,dz=0] run execute if block ~ ~-0.75 ~ minecraft:leaves2 [\"new_leaf_type\" = \"acacia\", \"persistent_bit\" = true, \"update_bit\" = false] run summon dw623:leaf_minion_acacia_7 ~ ~-1 ~  0 0 ev:efficiency_activate_leaf",
                "execute unless entity @e[family=leaf_minion,x=~,y=~-1,z=~,dx=0,dy=0,dz=0] run execute if block ~ ~-0.75 ~ minecraft:leaves2 [\"new_leaf_type\" = \"acacia\", \"persistent_bit\" = true, \"update_bit\" = true] run summon dw623:leaf_minion_acacia_7 ~ ~-1 ~  0 0 ev:efficiency_activate_leaf",
                "execute unless entity @e[family=leaf_minion,x=~,y=~1,z=~,dx=0,dy=0,dz=0] run execute if block ~ ~0.75 ~ minecraft:leaves2 [\"new_leaf_type\" = \"acacia\", \"persistent_bit\" = false, \"update_bit\" = false] run summon dw623:leaf_minion_acacia_7 ~ ~1 ~  0 0 ev:efficiency_activate_leaf",
                "execute unless entity @e[family=leaf_minion,x=~,y=~1,z=~,dx=0,dy=0,dz=0] run execute if block ~ ~0.75 ~ minecraft:leaves2 [\"new_leaf_type\" = \"acacia\", \"persistent_bit\" = false, \"update_bit\" = true] run summon dw623:leaf_minion_acacia_7 ~ ~1 ~  0 0 ev:efficiency_activate_leaf",
                "execute unless entity @e[family=leaf_minion,x=~,y=~1,z=~,dx=0,dy=0,dz=0] run execute if block ~ ~0.75 ~ minecraft:leaves2 [\"new_leaf_type\" = \"acacia\", \"persistent_bit\" = true, \"update_bit\" = false] run summon dw623:leaf_minion_acacia_7 ~ ~1 ~  0 0 ev:efficiency_activate_leaf",
                "execute unless entity @e[family=leaf_minion,x=~,y=~1,z=~,dx=0,dy=0,dz=0] run execute if block ~ ~0.75 ~ minecraft:leaves2 [\"new_leaf_type\" = \"acacia\", \"persistent_bit\" = true, \"update_bit\" = true] run summon dw623:leaf_minion_acacia_7 ~ ~1 ~  0 0 ev:efficiency_activate_leaf"
              ]
            }
          },
          {
            "filters": {
              "test": "bool_property",
              "domain": "bit:has_silk_touch",
              "value": true
            },
            "run_command": {
              "command": [
                "execute unless entity @e[family=leaf_minion,x=~,y=~-1,z=~,dx=0,dy=0,dz=0] run execute if block ~ ~-0.75 ~ minecraft:leaves2 [\"new_leaf_type\" = \"acacia\", \"persistent_bit\" = false, \"update_bit\" = false] run summon dw623:leaf_minion_acacia_7 ~ ~-1 ~  0 0 ev:silk_touch_activate_leaf",
                "execute unless entity @e[family=leaf_minion,x=~,y=~-1,z=~,dx=0,dy=0,dz=0] run execute if block ~ ~-0.75 ~ minecraft:leaves2 [\"new_leaf_type\" = \"acacia\", \"persistent_bit\" = false, \"update_bit\" = true] run summon dw623:leaf_minion_acacia_7 ~ ~-1 ~  0 0 ev:silk_touch_activate_leaf",
                "execute unless entity @e[family=leaf_minion,x=~,y=~-1,z=~,dx=0,dy=0,dz=0] run execute if block ~ ~-0.75 ~ minecraft:leaves2 [\"new_leaf_type\" = \"acacia\", \"persistent_bit\" = true, \"update_bit\" = false] run summon dw623:leaf_minion_acacia_7 ~ ~-1 ~  0 0 ev:silk_touch_activate_leaf",
                "execute unless entity @e[family=leaf_minion,x=~,y=~-1,z=~,dx=0,dy=0,dz=0] run execute if block ~ ~-0.75 ~ minecraft:leaves2 [\"new_leaf_type\" = \"acacia\", \"persistent_bit\" = true, \"update_bit\" = true] run summon dw623:leaf_minion_acacia_7 ~ ~-1 ~  0 0 ev:silk_touch_activate_leaf",
                "execute unless entity @e[family=leaf_minion,x=~,y=~1,z=~,dx=0,dy=0,dz=0] run execute if block ~ ~0.75 ~ minecraft:leaves2 [\"new_leaf_type\" = \"acacia\", \"persistent_bit\" = false, \"update_bit\" = false] run summon dw623:leaf_minion_acacia_7 ~ ~1 ~  0 0 ev:silk_touch_activate_leaf",
                "execute unless entity @e[family=leaf_minion,x=~,y=~1,z=~,dx=0,dy=0,dz=0] run execute if block ~ ~0.75 ~ minecraft:leaves2 [\"new_leaf_type\" = \"acacia\", \"persistent_bit\" = false, \"update_bit\" = true] run summon dw623:leaf_minion_acacia_7 ~ ~1 ~  0 0 ev:silk_touch_activate_leaf",
                "execute unless entity @e[family=leaf_minion,x=~,y=~1,z=~,dx=0,dy=0,dz=0] run execute if block ~ ~0.75 ~ minecraft:leaves2 [\"new_leaf_type\" = \"acacia\", \"persistent_bit\" = true, \"update_bit\" = false] run summon dw623:leaf_minion_acacia_7 ~ ~1 ~  0 0 ev:silk_touch_activate_leaf",
                "execute unless entity @e[family=leaf_minion,x=~,y=~1,z=~,dx=0,dy=0,dz=0] run execute if block ~ ~0.75 ~ minecraft:leaves2 [\"new_leaf_type\" = \"acacia\", \"persistent_bit\" = true, \"update_bit\" = true] run summon dw623:leaf_minion_acacia_7 ~ ~1 ~  0 0 ev:silk_touch_activate_leaf"
              ]
            }
          }
        ]
      },
      "ev:step_4c_summon_horizontal_radius_one_plus": {
        "sequence": [
          {
            "run_command": {
              "command": [
                "tell @p[r=5,tag=debug_max] step_4c_summon_horizontal_radius_one_plus"
              ]
            }
          },
          {
            "filters": {
              "test": "bool_property",
              "domain": "bit:has_silk_touch",
              "value": false
            },
            "run_command": {
              "command": [
                "execute unless entity @e[family=leaf_minion,x=~-1,y=~,z=~,dx=0,dy=0,dz=0] run execute if block ~-0.75 ~ ~ minecraft:leaves2 [\"new_leaf_type\" = \"acacia\", \"persistent_bit\" = false, \"update_bit\" = false] run summon dw623:leaf_minion_acacia_6 ~-1 ~ ~  0 0 ev:efficiency_activate_leaf",
                "execute unless entity @e[family=leaf_minion,x=~-1,y=~,z=~,dx=0,dy=0,dz=0] run execute if block ~-0.75 ~ ~ minecraft:leaves2 [\"new_leaf_type\" = \"dark_oak\", \"persistent_bit\" = false, \"update_bit\" = false] run summon dw623:leaf_minion_acacia_6 ~-1 ~ ~  0 0 ev:efficiency_activate_leaf",
                "execute unless entity @e[family=leaf_minion,x=~-1,y=~,z=~,dx=0,dy=0,dz=0] run execute if block ~-0.75 ~ ~ minecraft:leaves2 [\"new_leaf_type\" = \"acacia\", \"persistent_bit\" = false, \"update_bit\" = true] run summon dw623:leaf_minion_acacia_6 ~-1 ~ ~  0 0 ev:efficiency_activate_leaf",
                "execute unless entity @e[family=leaf_minion,x=~-1,y=~,z=~,dx=0,dy=0,dz=0] run execute if block ~-0.75 ~ ~ minecraft:leaves2 [\"new_leaf_type\" = \"dark_oak\", \"persistent_bit\" = false, \"update_bit\" = true] run summon dw623:leaf_minion_acacia_6 ~-1 ~ ~  0 0 ev:efficiency_activate_leaf",
                "execute unless entity @e[family=leaf_minion,x=~-1,y=~,z=~,dx=0,dy=0,dz=0] run execute if block ~-0.75 ~ ~ minecraft:leaves2 [\"new_leaf_type\" = \"acacia\", \"persistent_bit\" = true, \"update_bit\" = false] run summon dw623:leaf_minion_acacia_6 ~-1 ~ ~  0 0 ev:efficiency_activate_leaf",
                "execute unless entity @e[family=leaf_minion,x=~-1,y=~,z=~,dx=0,dy=0,dz=0] run execute if block ~-0.75 ~ ~ minecraft:leaves2 [\"new_leaf_type\" = \"dark_oak\", \"persistent_bit\" = true, \"update_bit\" = false] run summon dw623:leaf_minion_acacia_6 ~-1 ~ ~  0 0 ev:efficiency_activate_leaf",
                "execute unless entity @e[family=leaf_minion,x=~-1,y=~,z=~,dx=0,dy=0,dz=0] run execute if block ~-0.75 ~ ~ minecraft:leaves2 [\"new_leaf_type\" = \"acacia\", \"persistent_bit\" = true, \"update_bit\" = true] run summon dw623:leaf_minion_acacia_6 ~-1 ~ ~  0 0 ev:efficiency_activate_leaf",
                "execute unless entity @e[family=leaf_minion,x=~-1,y=~,z=~,dx=0,dy=0,dz=0] run execute if block ~-0.75 ~ ~ minecraft:leaves2 [\"new_leaf_type\" = \"dark_oak\", \"persistent_bit\" = true, \"update_bit\" = true] run summon dw623:leaf_minion_acacia_6 ~-1 ~ ~  0 0 ev:efficiency_activate_leaf",
                "execute unless entity @e[family=leaf_minion,x=~1,y=~,z=~,dx=0,dy=0,dz=0] run execute if block ~0.75 ~ ~ minecraft:leaves2 [\"new_leaf_type\" = \"acacia\", \"persistent_bit\" = false, \"update_bit\" = false] run summon dw623:leaf_minion_acacia_6 ~1 ~ ~  0 0 ev:efficiency_activate_leaf",
                "execute unless entity @e[family=leaf_minion,x=~1,y=~,z=~,dx=0,dy=0,dz=0] run execute if block ~0.75 ~ ~ minecraft:leaves2 [\"new_leaf_type\" = \"dark_oak\", \"persistent_bit\" = false, \"update_bit\" = false] run summon dw623:leaf_minion_acacia_6 ~1 ~ ~  0 0 ev:efficiency_activate_leaf",
                "execute unless entity @e[family=leaf_minion,x=~1,y=~,z=~,dx=0,dy=0,dz=0] run execute if block ~0.75 ~ ~ minecraft:leaves2 [\"new_leaf_type\" = \"acacia\", \"persistent_bit\" = false, \"update_bit\" = true] run summon dw623:leaf_minion_acacia_6 ~1 ~ ~  0 0 ev:efficiency_activate_leaf",
                "execute unless entity @e[family=leaf_minion,x=~1,y=~,z=~,dx=0,dy=0,dz=0] run execute if block ~0.75 ~ ~ minecraft:leaves2 [\"new_leaf_type\" = \"dark_oak\", \"persistent_bit\" = false, \"update_bit\" = true] run summon dw623:leaf_minion_acacia_6 ~1 ~ ~  0 0 ev:efficiency_activate_leaf",
                "execute unless entity @e[family=leaf_minion,x=~1,y=~,z=~,dx=0,dy=0,dz=0] run execute if block ~0.75 ~ ~ minecraft:leaves2 [\"new_leaf_type\" = \"acacia\", \"persistent_bit\" = true, \"update_bit\" = false] run summon dw623:leaf_minion_acacia_6 ~1 ~ ~  0 0 ev:efficiency_activate_leaf",
                "execute unless entity @e[family=leaf_minion,x=~1,y=~,z=~,dx=0,dy=0,dz=0] run execute if block ~0.75 ~ ~ minecraft:leaves2 [\"new_leaf_type\" = \"dark_oak\", \"persistent_bit\" = true, \"update_bit\" = false] run summon dw623:leaf_minion_acacia_6 ~1 ~ ~  0 0 ev:efficiency_activate_leaf",
                "execute unless entity @e[family=leaf_minion,x=~1,y=~,z=~,dx=0,dy=0,dz=0] run execute if block ~0.75 ~ ~ minecraft:leaves2 [\"new_leaf_type\" = \"acacia\", \"persistent_bit\" = true, \"update_bit\" = true] run summon dw623:leaf_minion_acacia_6 ~1 ~ ~  0 0 ev:efficiency_activate_leaf",
                "execute unless entity @e[family=leaf_minion,x=~1,y=~,z=~,dx=0,dy=0,dz=0] run execute if block ~0.75 ~ ~ minecraft:leaves2 [\"new_leaf_type\" = \"dark_oak\", \"persistent_bit\" = true, \"update_bit\" = true] run summon dw623:leaf_minion_acacia_6 ~1 ~ ~  0 0 ev:efficiency_activate_leaf",
                "execute unless entity @e[family=leaf_minion,x=~,y=~,z=~-1,dx=0,dy=0,dz=0] run execute if block ~ ~ ~-0.75 minecraft:leaves2 [\"new_leaf_type\" = \"acacia\", \"persistent_bit\" = false, \"update_bit\" = false] run summon dw623:leaf_minion_acacia_6 ~ ~ ~-1  0 0 ev:efficiency_activate_leaf",
                "execute unless entity @e[family=leaf_minion,x=~,y=~,z=~-1,dx=0,dy=0,dz=0] run execute if block ~ ~ ~-0.75 minecraft:leaves2 [\"new_leaf_type\" = \"dark_oak\", \"persistent_bit\" = false, \"update_bit\" = false] run summon dw623:leaf_minion_acacia_6 ~ ~ ~-1  0 0 ev:efficiency_activate_leaf",
                "execute unless entity @e[family=leaf_minion,x=~,y=~,z=~-1,dx=0,dy=0,dz=0] run execute if block ~ ~ ~-0.75 minecraft:leaves2 [\"new_leaf_type\" = \"acacia\", \"persistent_bit\" = false, \"update_bit\" = true] run summon dw623:leaf_minion_acacia_6 ~ ~ ~-1  0 0 ev:efficiency_activate_leaf",
                "execute unless entity @e[family=leaf_minion,x=~,y=~,z=~-1,dx=0,dy=0,dz=0] run execute if block ~ ~ ~-0.75 minecraft:leaves2 [\"new_leaf_type\" = \"dark_oak\", \"persistent_bit\" = false, \"update_bit\" = true] run summon dw623:leaf_minion_acacia_6 ~ ~ ~-1  0 0 ev:efficiency_activate_leaf",
                "execute unless entity @e[family=leaf_minion,x=~,y=~,z=~-1,dx=0,dy=0,dz=0] run execute if block ~ ~ ~-0.75 minecraft:leaves2 [\"new_leaf_type\" = \"acacia\", \"persistent_bit\" = true, \"update_bit\" = false] run summon dw623:leaf_minion_acacia_6 ~ ~ ~-1  0 0 ev:efficiency_activate_leaf",
                "execute unless entity @e[family=leaf_minion,x=~,y=~,z=~-1,dx=0,dy=0,dz=0] run execute if block ~ ~ ~-0.75 minecraft:leaves2 [\"new_leaf_type\" = \"dark_oak\", \"persistent_bit\" = true, \"update_bit\" = false] run summon dw623:leaf_minion_acacia_6 ~ ~ ~-1  0 0 ev:efficiency_activate_leaf",
                "execute unless entity @e[family=leaf_minion,x=~,y=~,z=~-1,dx=0,dy=0,dz=0] run execute if block ~ ~ ~-0.75 minecraft:leaves2 [\"new_leaf_type\" = \"acacia\", \"persistent_bit\" = true, \"update_bit\" = true] run summon dw623:leaf_minion_acacia_6 ~ ~ ~-1  0 0 ev:efficiency_activate_leaf",
                "execute unless entity @e[family=leaf_minion,x=~,y=~,z=~-1,dx=0,dy=0,dz=0] run execute if block ~ ~ ~-0.75 minecraft:leaves2 [\"new_leaf_type\" = \"dark_oak\", \"persistent_bit\" = true, \"update_bit\" = true] run summon dw623:leaf_minion_acacia_6 ~ ~ ~-1  0 0 ev:efficiency_activate_leaf",
                "execute unless entity @e[family=leaf_minion,x=~,y=~,z=~1,dx=0,dy=0,dz=0] run execute if block ~ ~ ~0.75 minecraft:leaves2 [\"new_leaf_type\" = \"acacia\", \"persistent_bit\" = false, \"update_bit\" = false] run summon dw623:leaf_minion_acacia_6 ~ ~ ~1  0 0 ev:efficiency_activate_leaf",
                "execute unless entity @e[family=leaf_minion,x=~,y=~,z=~1,dx=0,dy=0,dz=0] run execute if block ~ ~ ~0.75 minecraft:leaves2 [\"new_leaf_type\" = \"dark_oak\", \"persistent_bit\" = false, \"update_bit\" = false] run summon dw623:leaf_minion_acacia_6 ~ ~ ~1  0 0 ev:efficiency_activate_leaf",
                "execute unless entity @e[family=leaf_minion,x=~,y=~,z=~1,dx=0,dy=0,dz=0] run execute if block ~ ~ ~0.75 minecraft:leaves2 [\"new_leaf_type\" = \"acacia\", \"persistent_bit\" = false, \"update_bit\" = true] run summon dw623:leaf_minion_acacia_6 ~ ~ ~1  0 0 ev:efficiency_activate_leaf",
                "execute unless entity @e[family=leaf_minion,x=~,y=~,z=~1,dx=0,dy=0,dz=0] run execute if block ~ ~ ~0.75 minecraft:leaves2 [\"new_leaf_type\" = \"dark_oak\", \"persistent_bit\" = false, \"update_bit\" = true] run summon dw623:leaf_minion_acacia_6 ~ ~ ~1  0 0 ev:efficiency_activate_leaf",
                "execute unless entity @e[family=leaf_minion,x=~,y=~,z=~1,dx=0,dy=0,dz=0] run execute if block ~ ~ ~0.75 minecraft:leaves2 [\"new_leaf_type\" = \"acacia\", \"persistent_bit\" = true, \"update_bit\" = false] run summon dw623:leaf_minion_acacia_6 ~ ~ ~1  0 0 ev:efficiency_activate_leaf",
                "execute unless entity @e[family=leaf_minion,x=~,y=~,z=~1,dx=0,dy=0,dz=0] run execute if block ~ ~ ~0.75 minecraft:leaves2 [\"new_leaf_type\" = \"dark_oak\", \"persistent_bit\" = true, \"update_bit\" = false] run summon dw623:leaf_minion_acacia_6 ~ ~ ~1  0 0 ev:efficiency_activate_leaf",
                "execute unless entity @e[family=leaf_minion,x=~,y=~,z=~1,dx=0,dy=0,dz=0] run execute if block ~ ~ ~0.75 minecraft:leaves2 [\"new_leaf_type\" = \"acacia\", \"persistent_bit\" = true, \"update_bit\" = true] run summon dw623:leaf_minion_acacia_6 ~ ~ ~1  0 0 ev:efficiency_activate_leaf",
                "execute unless entity @e[family=leaf_minion,x=~,y=~,z=~1,dx=0,dy=0,dz=0] run execute if block ~ ~ ~0.75 minecraft:leaves2 [\"new_leaf_type\" = \"dark_oak\", \"persistent_bit\" = true, \"update_bit\" = true] run summon dw623:leaf_minion_acacia_6 ~ ~ ~1  0 0 ev:efficiency_activate_leaf"
              ]
            }
          },
          {
            "filters": {
              "test": "bool_property",
              "domain": "bit:has_silk_touch",
              "value": true
            },
            "run_command": {
              "command": [
                "execute unless entity @e[family=leaf_minion,x=~-1,y=~,z=~,dx=0,dy=0,dz=0] run execute if block ~-0.75 ~ ~ minecraft:leaves2 [\"new_leaf_type\" = \"acacia\", \"persistent_bit\" = false, \"update_bit\" = false] run summon dw623:leaf_minion_acacia_6 ~-1 ~ ~  0 0 ev:silk_touch_activate_leaf",
                "execute unless entity @e[family=leaf_minion,x=~-1,y=~,z=~,dx=0,dy=0,dz=0] run execute if block ~-0.75 ~ ~ minecraft:leaves2 [\"new_leaf_type\" = \"dark_oak\", \"persistent_bit\" = false, \"update_bit\" = false] run summon dw623:leaf_minion_acacia_6 ~-1 ~ ~  0 0 ev:silk_touch_activate_leaf",
                "execute unless entity @e[family=leaf_minion,x=~-1,y=~,z=~,dx=0,dy=0,dz=0] run execute if block ~-0.75 ~ ~ minecraft:leaves2 [\"new_leaf_type\" = \"acacia\", \"persistent_bit\" = false, \"update_bit\" = true] run summon dw623:leaf_minion_acacia_6 ~-1 ~ ~  0 0 ev:silk_touch_activate_leaf",
                "execute unless entity @e[family=leaf_minion,x=~-1,y=~,z=~,dx=0,dy=0,dz=0] run execute if block ~-0.75 ~ ~ minecraft:leaves2 [\"new_leaf_type\" = \"dark_oak\", \"persistent_bit\" = false, \"update_bit\" = true] run summon dw623:leaf_minion_acacia_6 ~-1 ~ ~  0 0 ev:silk_touch_activate_leaf",
                "execute unless entity @e[family=leaf_minion,x=~-1,y=~,z=~,dx=0,dy=0,dz=0] run execute if block ~-0.75 ~ ~ minecraft:leaves2 [\"new_leaf_type\" = \"acacia\", \"persistent_bit\" = true, \"update_bit\" = false] run summon dw623:leaf_minion_acacia_6 ~-1 ~ ~  0 0 ev:silk_touch_activate_leaf",
                "execute unless entity @e[family=leaf_minion,x=~-1,y=~,z=~,dx=0,dy=0,dz=0] run execute if block ~-0.75 ~ ~ minecraft:leaves2 [\"new_leaf_type\" = \"dark_oak\", \"persistent_bit\" = true, \"update_bit\" = false] run summon dw623:leaf_minion_acacia_6 ~-1 ~ ~  0 0 ev:silk_touch_activate_leaf",
                "execute unless entity @e[family=leaf_minion,x=~-1,y=~,z=~,dx=0,dy=0,dz=0] run execute if block ~-0.75 ~ ~ minecraft:leaves2 [\"new_leaf_type\" = \"acacia\", \"persistent_bit\" = true, \"update_bit\" = true] run summon dw623:leaf_minion_acacia_6 ~-1 ~ ~  0 0 ev:silk_touch_activate_leaf",
                "execute unless entity @e[family=leaf_minion,x=~-1,y=~,z=~,dx=0,dy=0,dz=0] run execute if block ~-0.75 ~ ~ minecraft:leaves2 [\"new_leaf_type\" = \"dark_oak\", \"persistent_bit\" = true, \"update_bit\" = true] run summon dw623:leaf_minion_acacia_6 ~-1 ~ ~  0 0 ev:silk_touch_activate_leaf",
                "execute unless entity @e[family=leaf_minion,x=~1,y=~,z=~,dx=0,dy=0,dz=0] run execute if block ~0.75 ~ ~ minecraft:leaves2 [\"new_leaf_type\" = \"acacia\", \"persistent_bit\" = false, \"update_bit\" = false] run summon dw623:leaf_minion_acacia_6 ~1 ~ ~  0 0 ev:silk_touch_activate_leaf",
                "execute unless entity @e[family=leaf_minion,x=~1,y=~,z=~,dx=0,dy=0,dz=0] run execute if block ~0.75 ~ ~ minecraft:leaves2 [\"new_leaf_type\" = \"dark_oak\", \"persistent_bit\" = false, \"update_bit\" = false] run summon dw623:leaf_minion_acacia_6 ~1 ~ ~  0 0 ev:silk_touch_activate_leaf",
                "execute unless entity @e[family=leaf_minion,x=~1,y=~,z=~,dx=0,dy=0,dz=0] run execute if block ~0.75 ~ ~ minecraft:leaves2 [\"new_leaf_type\" = \"acacia\", \"persistent_bit\" = false, \"update_bit\" = true] run summon dw623:leaf_minion_acacia_6 ~1 ~ ~  0 0 ev:silk_touch_activate_leaf",
                "execute unless entity @e[family=leaf_minion,x=~1,y=~,z=~,dx=0,dy=0,dz=0] run execute if block ~0.75 ~ ~ minecraft:leaves2 [\"new_leaf_type\" = \"dark_oak\", \"persistent_bit\" = false, \"update_bit\" = true] run summon dw623:leaf_minion_acacia_6 ~1 ~ ~  0 0 ev:silk_touch_activate_leaf",
                "execute unless entity @e[family=leaf_minion,x=~1,y=~,z=~,dx=0,dy=0,dz=0] run execute if block ~0.75 ~ ~ minecraft:leaves2 [\"new_leaf_type\" = \"acacia\", \"persistent_bit\" = true, \"update_bit\" = false] run summon dw623:leaf_minion_acacia_6 ~1 ~ ~  0 0 ev:silk_touch_activate_leaf",
                "execute unless entity @e[family=leaf_minion,x=~1,y=~,z=~,dx=0,dy=0,dz=0] run execute if block ~0.75 ~ ~ minecraft:leaves2 [\"new_leaf_type\" = \"dark_oak\", \"persistent_bit\" = true, \"update_bit\" = false] run summon dw623:leaf_minion_acacia_6 ~1 ~ ~  0 0 ev:silk_touch_activate_leaf",
                "execute unless entity @e[family=leaf_minion,x=~1,y=~,z=~,dx=0,dy=0,dz=0] run execute if block ~0.75 ~ ~ minecraft:leaves2 [\"new_leaf_type\" = \"acacia\", \"persistent_bit\" = true, \"update_bit\" = true] run summon dw623:leaf_minion_acacia_6 ~1 ~ ~  0 0 ev:silk_touch_activate_leaf",
                "execute unless entity @e[family=leaf_minion,x=~1,y=~,z=~,dx=0,dy=0,dz=0] run execute if block ~0.75 ~ ~ minecraft:leaves2 [\"new_leaf_type\" = \"dark_oak\", \"persistent_bit\" = true, \"update_bit\" = true] run summon dw623:leaf_minion_acacia_6 ~1 ~ ~  0 0 ev:silk_touch_activate_leaf",
                "execute unless entity @e[family=leaf_minion,x=~,y=~,z=~-1,dx=0,dy=0,dz=0] run execute if block ~ ~ ~-0.75 minecraft:leaves2 [\"new_leaf_type\" = \"acacia\", \"persistent_bit\" = false, \"update_bit\" = false] run summon dw623:leaf_minion_acacia_6 ~ ~ ~-1  0 0 ev:silk_touch_activate_leaf",
                "execute unless entity @e[family=leaf_minion,x=~,y=~,z=~-1,dx=0,dy=0,dz=0] run execute if block ~ ~ ~-0.75 minecraft:leaves2 [\"new_leaf_type\" = \"dark_oak\", \"persistent_bit\" = false, \"update_bit\" = false] run summon dw623:leaf_minion_acacia_6 ~ ~ ~-1  0 0 ev:silk_touch_activate_leaf",
                "execute unless entity @e[family=leaf_minion,x=~,y=~,z=~-1,dx=0,dy=0,dz=0] run execute if block ~ ~ ~-0.75 minecraft:leaves2 [\"new_leaf_type\" = \"acacia\", \"persistent_bit\" = false, \"update_bit\" = true] run summon dw623:leaf_minion_acacia_6 ~ ~ ~-1  0 0 ev:silk_touch_activate_leaf",
                "execute unless entity @e[family=leaf_minion,x=~,y=~,z=~-1,dx=0,dy=0,dz=0] run execute if block ~ ~ ~-0.75 minecraft:leaves2 [\"new_leaf_type\" = \"dark_oak\", \"persistent_bit\" = false, \"update_bit\" = true] run summon dw623:leaf_minion_acacia_6 ~ ~ ~-1  0 0 ev:silk_touch_activate_leaf",
                "execute unless entity @e[family=leaf_minion,x=~,y=~,z=~-1,dx=0,dy=0,dz=0] run execute if block ~ ~ ~-0.75 minecraft:leaves2 [\"new_leaf_type\" = \"acacia\", \"persistent_bit\" = true, \"update_bit\" = false] run summon dw623:leaf_minion_acacia_6 ~ ~ ~-1  0 0 ev:silk_touch_activate_leaf",
                "execute unless entity @e[family=leaf_minion,x=~,y=~,z=~-1,dx=0,dy=0,dz=0] run execute if block ~ ~ ~-0.75 minecraft:leaves2 [\"new_leaf_type\" = \"dark_oak\", \"persistent_bit\" = true, \"update_bit\" = false] run summon dw623:leaf_minion_acacia_6 ~ ~ ~-1  0 0 ev:silk_touch_activate_leaf",
                "execute unless entity @e[family=leaf_minion,x=~,y=~,z=~-1,dx=0,dy=0,dz=0] run execute if block ~ ~ ~-0.75 minecraft:leaves2 [\"new_leaf_type\" = \"acacia\", \"persistent_bit\" = true, \"update_bit\" = true] run summon dw623:leaf_minion_acacia_6 ~ ~ ~-1  0 0 ev:silk_touch_activate_leaf",
                "execute unless entity @e[family=leaf_minion,x=~,y=~,z=~-1,dx=0,dy=0,dz=0] run execute if block ~ ~ ~-0.75 minecraft:leaves2 [\"new_leaf_type\" = \"dark_oak\", \"persistent_bit\" = true, \"update_bit\" = true] run summon dw623:leaf_minion_acacia_6 ~ ~ ~-1  0 0 ev:silk_touch_activate_leaf",
                "execute unless entity @e[family=leaf_minion,x=~,y=~,z=~1,dx=0,dy=0,dz=0] run execute if block ~ ~ ~0.75 minecraft:leaves2 [\"new_leaf_type\" = \"acacia\", \"persistent_bit\" = false, \"update_bit\" = false] run summon dw623:leaf_minion_acacia_6 ~ ~ ~1  0 0 ev:silk_touch_activate_leaf",
                "execute unless entity @e[family=leaf_minion,x=~,y=~,z=~1,dx=0,dy=0,dz=0] run execute if block ~ ~ ~0.75 minecraft:leaves2 [\"new_leaf_type\" = \"dark_oak\", \"persistent_bit\" = false, \"update_bit\" = false] run summon dw623:leaf_minion_acacia_6 ~ ~ ~1  0 0 ev:silk_touch_activate_leaf",
                "execute unless entity @e[family=leaf_minion,x=~,y=~,z=~1,dx=0,dy=0,dz=0] run execute if block ~ ~ ~0.75 minecraft:leaves2 [\"new_leaf_type\" = \"acacia\", \"persistent_bit\" = false, \"update_bit\" = true] run summon dw623:leaf_minion_acacia_6 ~ ~ ~1  0 0 ev:silk_touch_activate_leaf",
                "execute unless entity @e[family=leaf_minion,x=~,y=~,z=~1,dx=0,dy=0,dz=0] run execute if block ~ ~ ~0.75 minecraft:leaves2 [\"new_leaf_type\" = \"dark_oak\", \"persistent_bit\" = false, \"update_bit\" = true] run summon dw623:leaf_minion_acacia_6 ~ ~ ~1  0 0 ev:silk_touch_activate_leaf",
                "execute unless entity @e[family=leaf_minion,x=~,y=~,z=~1,dx=0,dy=0,dz=0] run execute if block ~ ~ ~0.75 minecraft:leaves2 [\"new_leaf_type\" = \"acacia\", \"persistent_bit\" = true, \"update_bit\" = false] run summon dw623:leaf_minion_acacia_6 ~ ~ ~1  0 0 ev:silk_touch_activate_leaf",
                "execute unless entity @e[family=leaf_minion,x=~,y=~,z=~1,dx=0,dy=0,dz=0] run execute if block ~ ~ ~0.75 minecraft:leaves2 [\"new_leaf_type\" = \"dark_oak\", \"persistent_bit\" = true, \"update_bit\" = false] run summon dw623:leaf_minion_acacia_6 ~ ~ ~1  0 0 ev:silk_touch_activate_leaf",
                "execute unless entity @e[family=leaf_minion,x=~,y=~,z=~1,dx=0,dy=0,dz=0] run execute if block ~ ~ ~0.75 minecraft:leaves2 [\"new_leaf_type\" = \"acacia\", \"persistent_bit\" = true, \"update_bit\" = true] run summon dw623:leaf_minion_acacia_6 ~ ~ ~1  0 0 ev:silk_touch_activate_leaf",
                "execute unless entity @e[family=leaf_minion,x=~,y=~,z=~1,dx=0,dy=0,dz=0] run execute if block ~ ~ ~0.75 minecraft:leaves2 [\"new_leaf_type\" = \"dark_oak\", \"persistent_bit\" = true, \"update_bit\" = true] run summon dw623:leaf_minion_acacia_6 ~ ~ ~1  0 0 ev:silk_touch_activate_leaf"
              ]
            }
          }
        ]
      },
      "ev:step_z_destroy_block_and_despawn": {
      },
      "minecraft:entity_spawned": {
        "add": {
          "component_groups": [
            "cg:despawn"
          ]
        }
      },
      "ev:despawn": {
        "add": {
          "component_groups": [
            "cg:despawn"
          ]
        }
      },
      "ev:efficiency_activate_leaf_air": {
        "sequence": [
          {
            "run_command": {
              "command": [
                "tell @p[r=5,tag=debug_max] Efficiency Activated - leaf - r7"
              ]
            }
          },
          {
            "add": {
              "component_groups": [
                "cg:delay_timer_step_3_summon"
              ]
            }
          }
        ]
      },
      "ev:efficiency_activate_leaf": {
        "sequence": [
          {
            "add": {
              "component_groups": [
                "cg:despawn_check"
              ]
            }
          },
          {
            "run_command": {
              "command": [
                "tell @p[r=5,tag=debug_max] Efficiency Activated - leaf - r7"
              ]
            }
          },
          {
            "add": {
              "component_groups": [
                "cg:delay_timer_step_2_minion"
              ]
            }
          }
        ]
      },
      "ev:silk_touch_activate_leaf": {
        "sequence": [
          {
            "add": {
              "component_groups": [
                "cg:despawn_check"
              ]
            }
          },
          {
            "run_command": {
              "command": [
                "tell @p[r=5,tag=debug_max] Silk Touch Activated - leaf - r7"
              ]
            },
            "set_property": {
              "bit:has_silk_touch": true
            }
          },
          {
            "trigger": "ev:step_1b_loot_adjacent_vines"
          },
          {
            "trigger": "ev:step_1c_loot_leaves"
          },
          {
            "add": {
              "component_groups": [
                "cg:delay_timer_step_2_minion"
              ]
            }
          }
        ]
      },
      "ev:step_1b_loot_adjacent_vines": {
        "sequence": [
          {
            "run_command": {
              "command": [
                "execute unless entity @e[family=vine_minion,x=~-1,y=~,z=~,dx=0,dy=0,dz=0] run execute if block ~-0.75 ~ ~ minecraft:twisting_vines run summon dw623:vine_minion ~-1 ~ ~",
                "execute unless entity @e[family=vine_minion,x=~1,y=~,z=~,dx=0,dy=0,dz=0] run execute if block ~0.75 ~ ~ minecraft:twisting_vines run summon dw623:vine_minion ~1 ~ ~",
                "execute unless entity @e[family=vine_minion,x=~,y=~,z=~-1,dx=0,dy=0,dz=0] run execute if block ~ ~ ~-0.75 minecraft:twisting_vines run summon dw623:vine_minion ~ ~ ~-1",
                "execute unless entity @e[family=vine_minion,x=~,y=~,z=~1,dx=0,dy=0,dz=0] run execute if block ~ ~ ~0.75 minecraft:twisting_vines run summon dw623:vine_minion ~ ~ ~1"
              ]
            }
          },
          {
            "run_command": {
              "command": [
                "execute unless entity @e[family=vine_minion,x=~-1,y=~,z=~,dx=0,dy=0,dz=0] run execute if block ~-0.75 ~ ~ minecraft:weeping_vines run summon dw623:vine_minion ~-1 ~ ~",
                "execute unless entity @e[family=vine_minion,x=~1,y=~,z=~,dx=0,dy=0,dz=0] run execute if block ~0.75 ~ ~ minecraft:weeping_vines run summon dw623:vine_minion ~1 ~ ~",
                "execute unless entity @e[family=vine_minion,x=~,y=~,z=~-1,dx=0,dy=0,dz=0] run execute if block ~ ~ ~-0.75 minecraft:weeping_vines run summon dw623:vine_minion ~ ~ ~-1",
                "execute unless entity @e[family=vine_minion,x=~,y=~,z=~1,dx=0,dy=0,dz=0] run execute if block ~ ~ ~0.75 minecraft:weeping_vines run summon dw623:vine_minion ~ ~ ~1"
              ]
            }
          },
          {
            "run_command": {
              "command": [
                "execute unless entity @e[family=vine_minion,x=~-1,y=~,z=~,dx=0,dy=0,dz=0] run execute if block ~-0.75 ~ ~ minecraft:vine run summon dw623:vine_minion ~-1 ~ ~",
                "execute unless entity @e[family=vine_minion,x=~1,y=~,z=~,dx=0,dy=0,dz=0] run execute if block ~0.75 ~ ~ minecraft:vine run summon dw623:vine_minion ~1 ~ ~",
                "execute unless entity @e[family=vine_minion,x=~,y=~,z=~-1,dx=0,dy=0,dz=0] run execute if block ~ ~ ~-0.75 minecraft:vine run summon dw623:vine_minion ~ ~ ~-1",
                "execute unless entity @e[family=vine_minion,x=~,y=~,z=~1,dx=0,dy=0,dz=0] run execute if block ~ ~ ~0.75 minecraft:vine run summon dw623:vine_minion ~ ~ ~1"
              ]
            }
          }
        ]
      }
    }
  }
}