{
  "format_version": "1.20.30",
  "minecraft:entity": {
    "description": {
      "identifier": "dw623:bamboo_loot_chest",
      "runtime_identifier": "minecraft:shulker",
      "is_spawnable": false,
      "is_summonable": true,
      "is_experimental": false
    },
    "component_groups": {
      "cg:family_hungry": {
        "minecraft:type_family": {
          "family": [
            "chest",
            "bamboo_chest",
            "hungry",
            "chest",
            "hungry"
          ]
        }
      },
      "cg:family_full": {
        "minecraft:type_family": {
          "family": [
            "chest",
            "bamboo_chest",
            "full",
            "chest",
            "full"
          ]
        }
      },
      "cg:despawn_when_empty": {
        "minecraft:despawn": {
          "filters": {
            "test": "all_slots_empty",
            "subject": "self",
            "operator": "equals",
            "value": "inventory"
          }
        }
      },
      "cg:collect_timer": {
        "minecraft:timer": {
          "time": [
            0,
            0.25
          ],
          "time_down_event": {
            "event": "ev:collect"
          },
          "looping": true,
          "randomInterval": true
        }
      },
      "cg:full_timer": {
        "minecraft:timer": {
          "time": [
            2.0,
            5.0
          ],
          "time_down_event": {
            "event": "ev:collect"
          },
          "looping": true,
          "randomInterval": true
        }
      },
      "cg:recruit_timer": {
        "minecraft:timer": {
          "time": 2.0,
          "time_down_event": {
            "event": "ev:recruit"
          },
          "looping": true,
          "randomInterval": false
        }
      }
    },
    "components": {
      "minecraft:type_family": {
        "family": [
          "bamboo_chest",
          "chest",
          "hungry",
          "new"
        ]
      },
      "minecraft:breathable": {
        "breathes_air": true,
        "breathes_lava": true,
        "breathes_solids": true,
        "breathes_water": true,
        "generates_bubbles": false
      },
      "minecraft:damage_sensor": {
        "triggers": {
          "cause": "all",
          "deals_damage": false
        }
      },
      "minecraft:fire_immune": {
      },
      "minecraft:health": {
        "value": 1000,
        "max": 1000
      },
      "minecraft:inventory": {
        "can_be_siphoned_from": true,
        "container_type": "inventory",
        "inventory_size": 27,
        "private": false,
        "restrict_to_owner": false
      },
      "minecraft:is_stackable": {
      },
      "minecraft:item_hopper": {
      },
      "minecraft:nameable": {
        "allow_name_tag_renaming": true,
        "always_show": true
      },
      "minecraft:persistent": {
      },
      "minecraft:physics": {
        "has_collision": true,
        "has_gravity": true
      },
      "minecraft:pushable": {
        "is_pushable": true,
        "is_pushable_by_piston": false
      },
      "minecraft:timer": {
        "time": 0.05,
        "time_down_event": {
          "event": "ev:collection_start"
        },
        "looping": false,
        "randomInterval": false
      }
    },
    "events": {
      "ev:gather_loot": {
        "trigger": "ev:gather_bamboo_loot"
      },
      "ev:gather_bamboo_loot": {
        "sequence": [
          {
            "run_command": {
              "command": [
                "tp @e[r=16,type=item,name=\"Bamboo\"] @s"
              ]
            }
          }
        ]
      },
      "ev:summon_friend": {
        "sequence": [
          {
            "run_command": {
              "command": [
                "execute unless entity @e[r=16,family=bamboo_chest,family=hungry] if entity @e[r=1,type=item] run title @a[r=32] title Spawning Additional Chest",
                "execute unless entity @e[r=16,family=bamboo_chest,family=hungry] if entity @e[r=1,type=item] run summon dw623:bamboo_loot_chest ^ ^2 ^ 0 0 . More-bamboo-Loot"
              ]
            }
          }
        ]
      },
      "ev:collection_start": {
        "add": {
          "component_groups": [
            "cg:collect_timer"
          ]
        }
      },
      "ev:collect": {
        "sequence": [
          {
            "trigger": "ev:gather_loot"
          },
          {
            "filters": {
              "test": "any_slot_empty",
              "value": "inventory"
            },
            "add": {
              "component_groups": [
                "cg:family_hungry"
              ]
            }
          },
          {
            "filters": {
              "all_of": [
                {
                  "none_of": [
                    {
                      "test": "any_slot_empty",
                      "value": "inventory"
                    }
                  ]
                },
                {
                  "test": "is_family",
                  "value": "hungry"
                }
              ]
            },
            "add": {
              "component_groups": [
                "cg:recruit_timer",
                "cg:family_full"
              ]
            }
          },
          {
            "filters": {
              "all_of": [
                {
                  "none_of": [
                    {
                      "test": "any_slot_empty",
                      "value": "inventory"
                    }
                  ]
                },
                {
                  "test": "is_family",
                  "value": "full"
                }
              ]
            },
            "trigger": "ev:summon_friend"
          },
          {
            "filters": {
              "all_of": [
                {
                  "test": "is_family",
                  "operator": "!=",
                  "value": "new"
                },
                {
                  "test": "has_component",
                  "operator": "not",
                  "value": "minecraft:despawn"
                }
              ]
            },
            "add": {
              "component_groups": [
                "cg:despawn_when_empty"
              ]
            }
          }
        ]
      },
      "ev:entity_spawned": {
        "sequence": [
          {
            "run_command": {
              "command": [
                "execute align xz run tp @s ~0.5 ~ ~0.5"
              ]
            }
          }
        ]
      },
      "ev:recruit": {
        "sequence": [
          {
            "filters": {
              "test": "is_family",
              "value": "hungry"
            },
            "trigger": "ev:summon_friend"
          },
          {
            "add": {
              "component_groups": [
                "cg:full_timer"
              ]
            }
          }
        ]
      }
    }
  }
}