{
  "format_version": "1.20.30",
  "minecraft:entity": {
    "description": {
      "identifier": "dw623:landscape_minion_17",
      "properties": {
        "bit:has_silk_touch": {
          "type": "bool",
          "default": false
        },
        "bit:in_landscape": {
          "type": "bool",
          "default": false
        }
      },
      "is_spawnable": false,
      "is_summonable": true,
      "is_experimental": false
    },
    "component_groups": {
      "cg:delay_timer_step_2_minion": {
        "minecraft:timer": {
          "time": 0.05,
          "looping": false,
          "randomInterval": false,
          "time_down_event": {
            "event": "ev:step_2_minion_process"
          }
        }
      },
      "cg:summon_for_ptr_1": {
        "minecraft:timer": {
          "time": 0.05,
          "looping": false,
          "randomInterval": false,
          "time_down_event": {
            "event": "ev:step_5_summon_for_ptr_1"
          }
        }
      },
      "cg:summon_for_ptr_2": {
        "minecraft:timer": {
          "time": 0.05,
          "looping": false,
          "randomInterval": false,
          "time_down_event": {
            "event": "ev:step_5_summon_for_ptr_2"
          }
        }
      },
      "cg:summon_for_ptr_3": {
        "minecraft:timer": {
          "time": 0.05,
          "looping": false,
          "randomInterval": false,
          "time_down_event": {
            "event": "ev:step_5_summon_for_ptr_3"
          }
        }
      },
      "cg:summon_for_ptr_4": {
        "minecraft:timer": {
          "time": 0.05,
          "looping": false,
          "randomInterval": false,
          "time_down_event": {
            "event": "ev:step_5_summon_for_ptr_4"
          }
        }
      },
      "cg:despawn": {
        "minecraft:instant_despawn": {
        }
      }
    },
    "components": {
      "minecraft:despawn": {
        "filters": {
          "any_of": [
            {
              "test": "in_block",
              "value": "minecraft:cobblestone"
            },
            {
              "test": "in_block",
              "value": "minecraft:stone"
            },
            {
              "test": "in_block",
              "value": "minecraft:bamboo_block"
            },
            {
              "test": "in_block",
              "value": "minecraft:stripped_bamboo_block"
            },
            {
              "test": "in_block",
              "value": "minecraft:bamboo_mosaic"
            },
            {
              "test": "in_block",
              "value": "minecraft:bamboo_mosaic_slab"
            },
            {
              "test": "in_block",
              "value": "minecraft:bamboo_mosaic_stairs"
            },
            {
              "test": "in_block",
              "value": "minecraft:barrel"
            },
            {
              "test": "in_block",
              "value": "minecraft:bed"
            },
            {
              "test": "in_block",
              "value": "minecraft:beehive"
            },
            {
              "test": "in_block",
              "value": "minecraft:bookshelf"
            },
            {
              "test": "in_block",
              "value": "minecraft:campfire"
            },
            {
              "test": "in_block",
              "value": "minecraft:cartography_table"
            },
            {
              "test": "in_block",
              "value": "minecraft:chest"
            },
            {
              "test": "in_block",
              "value": "minecraft:chiseled_bookshelf"
            },
            {
              "test": "in_block",
              "value": "minecraft:composter"
            },
            {
              "test": "in_block",
              "value": "minecraft:crafting_table"
            },
            {
              "test": "in_block",
              "value": "minecraft:fence_gate"
            },
            {
              "test": "in_block",
              "value": "minecraft:fletching_table"
            },
            {
              "test": "in_block",
              "value": "minecraft:jukebox"
            },
            {
              "test": "in_block",
              "value": "minecraft:ladder"
            },
            {
              "test": "in_block",
              "value": "minecraft:lectern"
            },
            {
              "test": "in_block",
              "value": "minecraft:noteblock"
            },
            {
              "test": "in_block",
              "value": "minecraft:planks"
            },
            {
              "test": "in_block",
              "value": "minecraft:scaffolding"
            },
            {
              "test": "in_block",
              "value": "minecraft:soul_campfire"
            },
            {
              "test": "in_block",
              "value": "minecraft:target"
            },
            {
              "test": "in_block",
              "value": "minecraft:trapdoor"
            },
            {
              "test": "in_block",
              "value": "minecraft:trapped_chest"
            },
            {
              "test": "in_block",
              "value": "minecraft:blue_ice"
            },
            {
              "test": "in_block",
              "value": "minecraft:coal_block"
            },
            {
              "test": "in_block",
              "value": "minecraft:glass"
            },
            {
              "test": "in_block",
              "value": "minecraft:ice"
            },
            {
              "test": "in_block",
              "value": "minecraft:packed_ice"
            },
            {
              "test": "in_block",
              "value": "minecraft:stained_glass"
            },
            {
              "test": "in_block",
              "value": "minecraft:anvil"
            },
            {
              "test": "in_block",
              "value": "minecraft:beacon"
            },
            {
              "test": "in_block",
              "value": "minecraft:bell"
            },
            {
              "test": "in_block",
              "value": "minecraft:ender_chest"
            },
            {
              "test": "in_block",
              "value": "minecraft:blast_furnace"
            },
            {
              "test": "in_block",
              "value": "minecraft:cauldron"
            },
            {
              "test": "in_block",
              "value": "minecraft:chain"
            },
            {
              "test": "in_block",
              "value": "minecraft:furnace"
            },
            {
              "test": "in_block",
              "value": "minecraft:hopper"
            },
            {
              "test": "in_block",
              "value": "minecraft:obsidian"
            },
            {
              "test": "in_block",
              "value": "minecraft:respawn_anchor"
            },
            {
              "test": "in_block",
              "value": "minecraft:smoker"
            },
            {
              "test": "in_block",
              "value": "minecraft:stonecutter"
            },
            {
              "test": "in_block",
              "value": "minecraft:water"
            }
          ]
        }
      },
      "minecraft:type_family": {
        "family": [
          "landscape_minion",
          "minion"
        ]
      },
      "minecraft:breathable": {
        "breathes_air": true,
        "breathes_lava": true,
        "breathes_solids": true,
        "breathes_water": true,
        "generates_bubbles": false,
        "inhale_time": 1.0,
        "suffocate_time": 100,
        "total_supply": 100
      },
      "minecraft:collision_box": {
        "height": 0.125,
        "width": 0.125
      },
      "minecraft:damage_sensor": {
        "triggers": {
          "cause": "all",
          "deals_damage": false
        }
      },
      "minecraft:health": {
        "value": 100,
        "max": 100
      },
      "minecraft:physics": {
        "has_gravity": false,
        "has_collision": false
      },
      "minecraft:scale": {
        "value": 0.25
      }
    },
    "events": {
      "ev:efficiency_activate_landscape": {
        "sequence": [
          {
            "set_property": {
              "bit:in_landscape": true
            }
          },
          {
            "add": {
              "component_groups": [
                "cg:delay_timer_step_2_minion"
              ]
            }
          }
        ]
      },
      "ev:silk_touch_activate_landscape": {
        "sequence": [
          {
            "set_property": {
              "bit:has_silk_touch": true,
              "bit:in_landscape": true
            }
          },
          {
            "add": {
              "component_groups": [
                "cg:delay_timer_step_2_minion"
              ]
            }
          }
        ]
      },
      "ev:step_2_minion_process": {
        "sequence": [
          {
            "filters": {
              "none_of": [
                {
                  "test": "bool_property",
                  "domain": "bit:in_landscape",
                  "value": true
                }
              ]
            },
            "trigger": "ev:despawn"
          },
          {
            "filters": {
              "any_of": [
                {
                  "test": "bool_property",
                  "domain": "bit:in_landscape",
                  "value": true
                }
              ]
            },
            "trigger": "ev:step_4_summon_to_neighbors"
          }
        ]
      },
      "ev:step_4_summon_to_neighbors": {
        "sequence": [
          {
            "trigger": "ev:step_4_destroy_loot_landscape_block"
          },
          {
            "trigger": "ev:step_5_summon_for_ptr_1"
          }
        ]
      },
      "ev:step_5_summon_for_ptr_1": {
        "sequence": [
          {
            "filters": {
              "test": "bool_property",
              "domain": "bit:has_silk_touch",
              "value": false
            },
            "run_command": {
              "command": [
                "execute unless @e[family=landscape_minion,x=~-1,y=~,z=~,dx=0,dy=0,dz=0] run summon dw623:landscape_minion_16 ~-1 ~ ~ 0 0 ev:efficiency_activate_landscape"
              ]
            }
          },
          {
            "filters": {
              "test": "bool_property",
              "domain": "bit:has_silk_touch",
              "value": true
            },
            "run_command": {
              "command": [
                "execute unless @e[family=landscape_minion,x=~-1,y=~,z=~,dx=0,dy=0,dz=0] run summon dw623:landscape_minion_16 ~-1 ~ ~ 0 0 ev:silk_touch_activate_landscape"
              ]
            }
          },
          {
            "add": {
              "component_groups": [
                "cg:summon_for_ptr_2"
              ]
            }
          }
        ]
      },
      "ev:step_5_summon_for_ptr_2": {
        "sequence": [
          {
            "filters": {
              "test": "bool_property",
              "domain": "bit:has_silk_touch",
              "value": false
            },
            "run_command": {
              "command": [
                "execute unless @e[family=landscape_minion,x=~1,y=~,z=~,dx=0,dy=0,dz=0] run summon dw623:landscape_minion_16 ~1 ~ ~ 0 0 ev:efficiency_activate_landscape"
              ]
            }
          },
          {
            "filters": {
              "test": "bool_property",
              "domain": "bit:has_silk_touch",
              "value": true
            },
            "run_command": {
              "command": [
                "execute unless @e[family=landscape_minion,x=~1,y=~,z=~,dx=0,dy=0,dz=0] run summon dw623:landscape_minion_16 ~1 ~ ~ 0 0 ev:silk_touch_activate_landscape"
              ]
            }
          },
          {
            "add": {
              "component_groups": [
                "cg:summon_for_ptr_3"
              ]
            }
          }
        ]
      },
      "ev:step_5_summon_for_ptr_3": {
        "sequence": [
          {
            "filters": {
              "test": "bool_property",
              "domain": "bit:has_silk_touch",
              "value": false
            },
            "run_command": {
              "command": [
                "execute unless @e[family=landscape_minion,x=~,y=~,z=~-1,dx=0,dy=0,dz=0] run summon dw623:landscape_minion_16 ~ ~ ~-1 0 0 ev:efficiency_activate_landscape"
              ]
            }
          },
          {
            "filters": {
              "test": "bool_property",
              "domain": "bit:has_silk_touch",
              "value": true
            },
            "run_command": {
              "command": [
                "execute unless @e[family=landscape_minion,x=~,y=~,z=~-1,dx=0,dy=0,dz=0] run summon dw623:landscape_minion_16 ~ ~ ~-1 0 0 ev:silk_touch_activate_landscape"
              ]
            }
          },
          {
            "add": {
              "component_groups": [
                "cg:summon_for_ptr_4"
              ]
            }
          }
        ]
      },
      "ev:step_5_summon_for_ptr_4": {
        "sequence": [
          {
            "filters": {
              "test": "bool_property",
              "domain": "bit:has_silk_touch",
              "value": false
            },
            "run_command": {
              "command": [
                "execute unless @e[family=landscape_minion,x=~,y=~,z=~1,dx=0,dy=0,dz=0] run summon dw623:landscape_minion_16 ~ ~ ~1 0 0 ev:efficiency_activate_landscape"
              ]
            }
          },
          {
            "filters": {
              "test": "bool_property",
              "domain": "bit:has_silk_touch",
              "value": true
            },
            "run_command": {
              "command": [
                "execute unless @e[family=landscape_minion,x=~,y=~,z=~1,dx=0,dy=0,dz=0] run summon dw623:landscape_minion_16 ~ ~ ~1 0 0 ev:silk_touch_activate_landscape"
              ]
            }
          },
          {
            "trigger": "ev:despawn"
          }
        ]
      },
      "ev:step_4_destroy_loot_landscape_block": {
        "sequence": [
          {
            "run_command": {
              "command": [
              ]
            }
          },
          {
            "run_command": {
              "command": [
                "execute if entity @e[type=item,r=17] unless entity @e[r=24,family=landscape_chest,family=hungry] run summon dw623:landscape_loot_chest ~ ~ ~ 0 0 ev:entity_spawned Landscape-Loot"
              ]
            }
          }
        ]
      },
      "ev:step_z_destroy_block_and_despawn": {
      },
      "minecraft:entity_spawned": {
        "add": {
          "component_groups": [
            "cg:despawn"
          ]
        }
      },
      "ev:despawn": {
        "add": {
          "component_groups": [
            "cg:despawn"
          ]
        }
      }
    }
  }
}