{
  "format_version": "1.20.30",
  "minecraft:entity": {
    "description": {
      "identifier": "dw623:leaf_minion_crimson_0",
      "is_spawnable": false,
      "is_summonable": true,
      "is_experimental": false,
      "properties": {
        "bit:has_silk_touch": {
          "type": "bool",
          "default": false
        },
        "bit:in_leaf": {
          "type": "bool",
          "default": false
        },
        "bit:in_related": {
          "type": "bool",
          "default": false
        }
      }
    },
    "component_groups": {
      "cg:despawn": {
        "minecraft:instant_despawn": {
        }
      },
      "cg:delay_timer_step_2_minion": {
        "minecraft:timer": {
          "time": 0.05,
          "looping": false,
          "randomInterval": false,
          "time_down_event": {
            "event": "ev:step_2_minion_process"
          }
        }
      },
      "cg:delay_timer_step_3_summon": {
        "minecraft:timer": {
          "time": [
            0.01,
            0.25
          ],
          "looping": false,
          "randomInterval": true,
          "time_down_event": {
            "event": "ev:step_3_summon_to_neighbors"
          }
        }
      },
      "cg:despawn_guarantee_timer": {
        "minecraft:timer": {
          "time": 0.1,
          "looping": false,
          "randomInterval": false,
          "time_down_event": {
            "event": "ev:despawn"
          }
        }
      },
      "cg:despawn_if_air_after_summoning": {
        "minecraft:despawn": {
          "filters": [
            {
              "any_of": [
                {
                  "test": "distance_to_nearest_player",
                  "operator": ">",
                  "value": 40
                },
                {
                  "test": "in_block",
                  "value": "minecraft:air"
                }
              ]
            }
          ]
        }
      }
    },
    "components": {
      "minecraft:breathable": {
        "breathes_air": true,
        "breathes_lava": true,
        "breathes_solids": true,
        "breathes_water": true,
        "generates_bubbles": false,
        "inhale_time": 1.0,
        "suffocate_time": 100,
        "total_supply": 100
      },
      "minecraft:collision_box": {
        "height": 0.125,
        "width": 0.125
      },
      "minecraft:damage_sensor": {
        "triggers": {
          "cause": "all",
          "deals_damage": false
        }
      },
      "minecraft:health": {
        "value": 100,
        "max": 100
      },
      "minecraft:physics": {
        "has_gravity": false,
        "has_collision": false
      },
      "minecraft:scale": {
        "value": 0.25
      },
      "minecraft:type_family": {
        "family": [
          "minion",
          "leaf_minion"
        ]
      },
      "minecraft:despawn": {
        "filters": [
          {
            "any_of": [
              {
                "test": "distance_to_nearest_player",
                "operator": ">",
                "value": 32
              },
              {
                "test": "in_block",
                "value": "minecraft:cobblestone"
              },
              {
                "test": "in_block",
                "value": "minecraft:dirt"
              },
              {
                "test": "in_block",
                "value": "minecraft:grass"
              },
              {
                "test": "in_block",
                "value": "minecraft:stone"
              }
            ]
          },
          {
            "any_of": [
              {
                "test": "in_block",
                "value": "minecraft:log"
              },
              {
                "test": "in_block",
                "value": "minecraft:log2"
              },
              {
                "test": "in_block",
                "value": "minecraft:cherry_log"
              },
              {
                "test": "in_block",
                "value": "minecraft:mangrove_log"
              },
              {
                "test": "in_block",
                "value": "minecraft:crimson_stem"
              },
              {
                "test": "in_block",
                "value": "minecraft:warped_stem"
              }
            ]
          }
        ]
      },
      "minecraft:timer": {
        "time": 2,
        "looping": false,
        "randomInterval": true,
        "time_down_event": {
          "event": "ev:despawn"
        }
      }
    },
    "events": {
      "ev:step_1c_loot_leaves": {
        "sequence": [
          {
            "run_command": {
              "command": [
                "tell @p[r=5,tag=debug_max] Looting Leaf",
                "loot spawn ~ ~ ~ loot \"vein_miner/tree_loot/crimson_leaf_loot\"",
                "setblock ~ ~ ~ dead_brain_coral"
              ]
            }
          }
        ]
      },
      "ev:step_2_minion_process": {
        "sequence": [
          {
            "filters": {
              "none_of": [
                {
                  "test": "bool_property",
                  "domain": "bit:in_leaf",
                  "value": true
                },
                {
                  "test": "bool_property",
                  "domain": "bit:in_related",
                  "value": true
                }
              ]
            },
            "trigger": "ev:despawn"
          },
          {
            "filters": {
              "any_of": [
                {
                  "test": "bool_property",
                  "domain": "bit:in_leaf",
                  "value": true
                },
                {
                  "test": "bool_property",
                  "domain": "bit:in_related",
                  "value": true
                }
              ]
            },
            "add": {
              "component_groups": [
                "cg:delay_timer_step_3_summon"
              ]
            }
          }
        ]
      },
      "ev:step_3_summon_to_neighbors": {
        "sequence": [
          {
            "add": {
              "component_groups": [
                "cg:despawn_guarantee_timer"
              ]
            }
          },
          {
            "trigger": "ev:step_4a_summon_vertical"
          },
          {
            "add": {
              "component_groups": [
                "cg:despawn_if_air_after_summoning"
              ]
            }
          },
          {
            "trigger": "ev:step_z_destroy_block_and_despawn"
          }
        ]
      },
      "ev:step_4_debug": {
        "sequence": [
          {
            "run_command": {
              "command": [
                "tell @p[r=5,tag=debug_max] step_4a_debug - crimson - r0"
              ]
            }
          },
          {
            "run_command": {
              "command": [
                "execute if block ~-0.75 ~ ~ minecraft:{alt_give_leaf}} run tell @p[tag=debug_max] §aFound crimson Leaf-3 @ ~-1 ~ ~",
                "execute if block ~-0.75 ~ ~ minecraft:crimson_stem run tell @p[tag=debug_max] §eFound crimson Log @ ~-1 ~ ~",
                "execute if block ~-0.75 ~ ~ minecraft:stripped_crimson_stem run tell @p[tag=debug_max] §eFound Stripped crimson Log @ ~-1 ~ ~"
              ]
            }
          },
          {
            "run_command": {
              "command": [
                "execute if block ~0.75 ~ ~ minecraft:{alt_give_leaf}} run tell @p[tag=debug_max] §aFound crimson Leaf-3 @ ~1 ~ ~",
                "execute if block ~0.75 ~ ~ minecraft:crimson_stem run tell @p[tag=debug_max] §eFound crimson Log @ ~1 ~ ~",
                "execute if block ~0.75 ~ ~ minecraft:stripped_crimson_stem run tell @p[tag=debug_max] §eFound Stripped crimson Log @ ~1 ~ ~"
              ]
            }
          },
          {
            "run_command": {
              "command": [
                "execute if block ~ ~-0.75 ~ minecraft:{alt_give_leaf}} run tell @p[tag=debug_max] §aFound crimson Leaf-3 @ ~ ~-1 ~",
                "execute if block ~ ~-0.75 ~ minecraft:crimson_stem run tell @p[tag=debug_max] §eFound crimson Log @ ~ ~-1 ~",
                "execute if block ~ ~-0.75 ~ minecraft:stripped_crimson_stem run tell @p[tag=debug_max] §eFound Stripped crimson Log @ ~ ~-1 ~"
              ]
            }
          },
          {
            "run_command": {
              "command": [
                "execute if block ~ ~0.75 ~ minecraft:{alt_give_leaf}} run tell @p[tag=debug_max] §aFound crimson Leaf-3 @ ~ ~1 ~",
                "execute if block ~ ~0.75 ~ minecraft:crimson_stem run tell @p[tag=debug_max] §eFound crimson Log @ ~ ~1 ~",
                "execute if block ~ ~0.75 ~ minecraft:stripped_crimson_stem run tell @p[tag=debug_max] §eFound Stripped crimson Log @ ~ ~1 ~"
              ]
            }
          },
          {
            "run_command": {
              "command": [
                "execute if block ~ ~ ~-0.75 minecraft:{alt_give_leaf}} run tell @p[tag=debug_max] §aFound crimson Leaf-3 @ ~ ~ ~-1",
                "execute if block ~ ~ ~-0.75 minecraft:crimson_stem run tell @p[tag=debug_max] §eFound crimson Log @ ~ ~ ~-1",
                "execute if block ~ ~ ~-0.75 minecraft:stripped_crimson_stem run tell @p[tag=debug_max] §eFound Stripped crimson Log @ ~ ~ ~-1"
              ]
            }
          },
          {
            "run_command": {
              "command": [
                "execute if block ~ ~ ~0.75 minecraft:{alt_give_leaf}} run tell @p[tag=debug_max] §aFound crimson Leaf-3 @ ~ ~ ~1",
                "execute if block ~ ~ ~0.75 minecraft:crimson_stem run tell @p[tag=debug_max] §eFound crimson Log @ ~ ~ ~1",
                "execute if block ~ ~ ~0.75 minecraft:stripped_crimson_stem run tell @p[tag=debug_max] §eFound Stripped crimson Log @ ~ ~ ~1"
              ]
            }
          }
        ]
      },
      "ev:step_4a_summon_vertical": {
        "sequence": [
          {
            "run_command": {
              "command": [
                "tell @p[r=5,tag=debug_max] step_4a_summon_vertical"
              ]
            }
          },
          {
            "filters": {
              "test": "bool_property",
              "domain": "bit:has_silk_touch",
              "value": false
            },
            "run_command": {
              "command": [
                "execute if block ~ ~-0.75 ~ minecraft:nether_wart_block run summon dw623:leaf_minion_crimson_0 ~ ~-1 ~  0 0 ev:efficiency_activate_leaf",
                "execute if block ~ ~-0.75 ~ minecraft:shroomlight run summon dw623:leaf_minion_crimson_0 ~ ~-1 ~  0 0 ev:efficiency_activate_related"
              ]
            }
          },
          {
            "filters": {
              "test": "bool_property",
              "domain": "bit:has_silk_touch",
              "value": false
            },
            "run_command": {
              "command": [
                "execute if block ~ ~0.75 ~ minecraft:nether_wart_block run summon dw623:leaf_minion_crimson_0 ~ ~1 ~  0 0 ev:efficiency_activate_leaf",
                "execute if block ~ ~0.75 ~ minecraft:shroomlight run summon dw623:leaf_minion_crimson_0 ~ ~1 ~  0 0 ev:efficiency_activate_related"
              ]
            }
          },
          {
            "filters": {
              "test": "bool_property",
              "domain": "bit:has_silk_touch",
              "value": true
            },
            "run_command": {
              "command": [
                "execute if block ~ ~-0.75 ~ minecraft:nether_wart_block run summon dw623:leaf_minion_crimson_0 ~ ~-1 ~  0 0 ev:silk_touch_activate_leaf",
                "execute if block ~ ~-0.75 ~ minecraft:shroomlight run summon dw623:leaf_minion_crimson_0 ~ ~-1 ~  0 0 ev:silk_touch_activate_related"
              ]
            }
          },
          {
            "filters": {
              "test": "bool_property",
              "domain": "bit:has_silk_touch",
              "value": true
            },
            "run_command": {
              "command": [
                "execute if block ~ ~0.75 ~ minecraft:nether_wart_block run summon dw623:leaf_minion_crimson_0 ~ ~1 ~  0 0 ev:silk_touch_activate_leaf",
                "execute if block ~ ~0.75 ~ minecraft:shroomlight run summon dw623:leaf_minion_crimson_0 ~ ~1 ~  0 0 ev:silk_touch_activate_related"
              ]
            }
          }
        ]
      },
      "ev:step_4b_summon_log_radius_zero": {
        "sequence": [
          {
            "run_command": {
              "command": [
                "tell @p[r=5,tag=debug_max] step_4b_summon_log_radius_zero"
              ]
            }
          },
          {
            "filters": {
              "test": "bool_property",
              "domain": "bit:has_silk_touch",
              "value": false
            },
            "run_command": {
              "command": [
                "execute if block ~-0.75 ~ ~ minecraft:crimson_stem run summon dw623:leaf_minion_crimson_0 ~-1 ~ ~  0 0 ev:efficiency_activate_log",
                "execute if block ~-0.75 ~ ~ minecraft:stripped_crimson_stem run summon dw623:leaf_minion_crimson_0 ~-1 ~ ~  0 0 ev:efficiency_activate_log",
                "execute if block ~-0.75 ~ ~ minecraft:shroomlight run summon dw623:leaf_minion_crimson_0 ~-1 ~ ~  0 0 ev:efficiency_activate_related"
              ]
            }
          },
          {
            "filters": {
              "test": "bool_property",
              "domain": "bit:has_silk_touch",
              "value": false
            },
            "run_command": {
              "command": [
                "execute if block ~0.75 ~ ~ minecraft:crimson_stem run summon dw623:leaf_minion_crimson_0 ~1 ~ ~  0 0 ev:efficiency_activate_log",
                "execute if block ~0.75 ~ ~ minecraft:stripped_crimson_stem run summon dw623:leaf_minion_crimson_0 ~1 ~ ~  0 0 ev:efficiency_activate_log",
                "execute if block ~0.75 ~ ~ minecraft:shroomlight run summon dw623:leaf_minion_crimson_0 ~1 ~ ~  0 0 ev:efficiency_activate_related"
              ]
            }
          },
          {
            "filters": {
              "test": "bool_property",
              "domain": "bit:has_silk_touch",
              "value": false
            },
            "run_command": {
              "command": [
                "execute if block ~ ~ ~-0.75 minecraft:crimson_stem run summon dw623:leaf_minion_crimson_0 ~ ~ ~-1  0 0 ev:efficiency_activate_log",
                "execute if block ~ ~ ~-0.75 minecraft:stripped_crimson_stem run summon dw623:leaf_minion_crimson_0 ~ ~ ~-1  0 0 ev:efficiency_activate_log",
                "execute if block ~ ~ ~-0.75 minecraft:shroomlight run summon dw623:leaf_minion_crimson_0 ~ ~ ~-1  0 0 ev:efficiency_activate_related"
              ]
            }
          },
          {
            "filters": {
              "test": "bool_property",
              "domain": "bit:has_silk_touch",
              "value": false
            },
            "run_command": {
              "command": [
                "execute if block ~ ~ ~0.75 minecraft:crimson_stem run summon dw623:leaf_minion_crimson_0 ~ ~ ~1  0 0 ev:efficiency_activate_log",
                "execute if block ~ ~ ~0.75 minecraft:stripped_crimson_stem run summon dw623:leaf_minion_crimson_0 ~ ~ ~1  0 0 ev:efficiency_activate_log",
                "execute if block ~ ~ ~0.75 minecraft:shroomlight run summon dw623:leaf_minion_crimson_0 ~ ~ ~1  0 0 ev:efficiency_activate_related"
              ]
            }
          },
          {
            "filters": {
              "test": "bool_property",
              "domain": "bit:has_silk_touch",
              "value": true
            },
            "run_command": {
              "command": [
                "execute if block ~-0.75 ~ ~ minecraft:crimson_stem run summon dw623:leaf_minion_crimson_0 ~-1 ~ ~  0 0 ev:silk_touch_activate_log",
                "execute if block ~-0.75 ~ ~ minecraft:stripped_crimson_stem run summon dw623:leaf_minion_crimson_0 ~-1 ~ ~  0 0 ev:silk_touch_activate_log",
                "execute if block ~-0.75 ~ ~ minecraft:shroomlight run summon dw623:leaf_minion_crimson_0 ~-1 ~ ~  0 0 ev:silk_touch_activate_related"
              ]
            }
          },
          {
            "filters": {
              "test": "bool_property",
              "domain": "bit:has_silk_touch",
              "value": true
            },
            "run_command": {
              "command": [
                "execute if block ~0.75 ~ ~ minecraft:crimson_stem run summon dw623:leaf_minion_crimson_0 ~1 ~ ~  0 0 ev:silk_touch_activate_log",
                "execute if block ~0.75 ~ ~ minecraft:stripped_crimson_stem run summon dw623:leaf_minion_crimson_0 ~1 ~ ~  0 0 ev:silk_touch_activate_log",
                "execute if block ~0.75 ~ ~ minecraft:shroomlight run summon dw623:leaf_minion_crimson_0 ~1 ~ ~  0 0 ev:silk_touch_activate_related"
              ]
            }
          },
          {
            "filters": {
              "test": "bool_property",
              "domain": "bit:has_silk_touch",
              "value": true
            },
            "run_command": {
              "command": [
                "execute if block ~ ~ ~-0.75 minecraft:crimson_stem run summon dw623:leaf_minion_crimson_0 ~ ~ ~-1  0 0 ev:silk_touch_activate_log",
                "execute if block ~ ~ ~-0.75 minecraft:stripped_crimson_stem run summon dw623:leaf_minion_crimson_0 ~ ~ ~-1  0 0 ev:silk_touch_activate_log",
                "execute if block ~ ~ ~-0.75 minecraft:shroomlight run summon dw623:leaf_minion_crimson_0 ~ ~ ~-1  0 0 ev:silk_touch_activate_related"
              ]
            }
          },
          {
            "filters": {
              "test": "bool_property",
              "domain": "bit:has_silk_touch",
              "value": true
            },
            "run_command": {
              "command": [
                "execute if block ~ ~ ~0.75 minecraft:crimson_stem run summon dw623:leaf_minion_crimson_0 ~ ~ ~1  0 0 ev:silk_touch_activate_log",
                "execute if block ~ ~ ~0.75 minecraft:stripped_crimson_stem run summon dw623:leaf_minion_crimson_0 ~ ~ ~1  0 0 ev:silk_touch_activate_log",
                "execute if block ~ ~ ~0.75 minecraft:shroomlight run summon dw623:leaf_minion_crimson_0 ~ ~ ~1  0 0 ev:silk_touch_activate_related"
              ]
            }
          }
        ]
      },
      "ev:step_z_destroy_block_and_despawn": {
        "sequence": [
          {
            "run_command": {
              "command": [
                "execute unless entity @e[r=48,family=tree_chest,family=hungry] run summon dw623:tree_loot_chest ~ ~ ~ 0 0 ev:entity_spawned Tree-Loot",
                "fill ~ ~ ~  ~ ~ ~ air destroy"
              ]
            }
          },
          {
            "add": {
              "component_groups": [
                "cg:despawn"
              ]
            }
          }
        ]
      },
      "minecraft:entity_spawned": {
        "add": {
          "component_groups": [
            "cg:despawn"
          ]
        }
      },
      "ev:despawn": {
        "add": {
          "component_groups": [
            "cg:despawn"
          ]
        }
      },
      "ev:step_1b_loot_adjacent_vines": {
        "sequence": [
          {
            "run_command": {
              "command": [
                "execute if block ~-0.75 ~ ~ minecraft:twisting_vines run summon dw623:vine_minion ~-1 ~ ~",
                "execute if block ~0.75 ~ ~ minecraft:twisting_vines run summon dw623:vine_minion ~1 ~ ~",
                "execute if block ~ ~ ~-0.75 minecraft:twisting_vines run summon dw623:vine_minion ~ ~ ~-1",
                "execute if block ~ ~ ~0.75 minecraft:twisting_vines run summon dw623:vine_minion ~ ~ ~1"
              ]
            }
          },
          {
            "run_command": {
              "command": [
                "execute if block ~-0.75 ~ ~ minecraft:weeping_vines run summon dw623:vine_minion ~-1 ~ ~",
                "execute if block ~0.75 ~ ~ minecraft:weeping_vines run summon dw623:vine_minion ~1 ~ ~",
                "execute if block ~ ~ ~-0.75 minecraft:weeping_vines run summon dw623:vine_minion ~ ~ ~-1",
                "execute if block ~ ~ ~0.75 minecraft:weeping_vines run summon dw623:vine_minion ~ ~ ~1"
              ]
            }
          },
          {
            "run_command": {
              "command": [
                "execute if block ~-0.75 ~ ~ minecraft:vine run summon dw623:vine_minion ~-1 ~ ~",
                "execute if block ~0.75 ~ ~ minecraft:vine run summon dw623:vine_minion ~1 ~ ~",
                "execute if block ~ ~ ~-0.75 minecraft:vine run summon dw623:vine_minion ~ ~ ~-1",
                "execute if block ~ ~ ~0.75 minecraft:vine run summon dw623:vine_minion ~ ~ ~1"
              ]
            }
          }
        ]
      },
      "ev:efficiency_activate_leaf": {
        "sequence": [
          {
            "run_command": {
              "command": [
                "tell @p[r=5,tag=debug_max] Efficiency Activated - leaf - r0"
              ]
            },
            "set_property": {
              "bit:in_leaf": true
            }
          },
          {
            "add": {
              "component_groups": [
                "cg:delay_timer_step_2_minion"
              ]
            }
          }
        ]
      },
      "ev:silk_touch_activate_leaf": {
        "sequence": [
          {
            "run_command": {
              "command": [
                "tell @p[r=5,tag=debug_max] Silk Touch Activated - leaf - r0"
              ]
            },
            "set_property": {
              "bit:has_silk_touch": true,
              "bit:in_leaf": true
            }
          },
          {
            "trigger": "ev:step_1b_loot_adjacent_vines"
          },
          {
            "trigger": "ev:step_1c_loot_leaves"
          },
          {
            "add": {
              "component_groups": [
                "cg:delay_timer_step_2_minion"
              ]
            }
          }
        ]
      },
      "ev:efficiency_activate_related": {
        "sequence": [
          {
            "run_command": {
              "command": [
                "tell @p[r=5,tag=debug_max] Efficiency Activated - related - r0"
              ]
            },
            "set_property": {
              "bit:in_related": true
            }
          },
          {
            "add": {
              "component_groups": [
                "cg:delay_timer_step_2_minion"
              ]
            }
          }
        ]
      },
      "ev:silk_touch_activate_related": {
        "sequence": [
          {
            "run_command": {
              "command": [
                "tell @p[r=5,tag=debug_max] Silk Touch Activated - related - r0"
              ]
            },
            "set_property": {
              "bit:has_silk_touch": true,
              "bit:in_related": true
            }
          },
          {
            "trigger": "ev:step_1b_loot_adjacent_vines"
          },
          {
            "add": {
              "component_groups": [
                "cg:delay_timer_step_2_minion"
              ]
            }
          }
        ]
      }
    }
  }
}