{
	"format_version": "1.20.0",
	"minecraft:item": {
		"description": {
			"identifier": "dw623:dialogue_wand",
			"category": "equipment"
		},
		"components": {
			"minecraft:creative_category": {"parent": "itemGroup.name.none"},
			"minecraft:display_name": {"value": "Dialogue Wand"},
			"minecraft:hand_equipped": true,
			"minecraft:icon": {"texture": "wand"},
			"minecraft:max_stack_size": 1,
			"minecraft:on_use": {"on_use": {"event": "ev:open_dialogue"}}
		},
		"events": 
		{
			"ev:open_dialogue": {
				"run_command":{"command":["dialogue open @e[c=1,family=dw623_bot] @s menu_player"]},
				"swing": {}
			}
		}
	}
}