{
	// Here add your global data
	"colors": [
		{"color":"white","display":"White","color_id":0,"weight":40},
		{"color":"orange","display":"Orange","color_id":1,"weight":3},
		{"color":"magenta","display":"Magenta","color_id":2,"weight":3},
		{"color":"light_blue","display":"Light Blue","color_id":3,"weight":3},
		{"color":"yellow","display":"Yellow","color_id":4,"weight":3},
		{"color":"lime","display":"Lime","color_id":5,"weight":3},
		{"color":"pink","display":"Pink","color_id":6,"weight":3},
		{"color":"gray","display":"Gray","color_id":7,"weight":3},
		{"color":"light_gray","display":"Light Gray","color_id":8,"weight":3},
		{"color":"cyan","display":"Cyan","color_id":9,"weight":3},
		{"color":"purple","display":"Purple","color_id":10,"weight":3},
		{"color":"blue","display":"Blue","color_id":11,"weight":3},
		{"color":"brown","display":"Brown","color_id":12,"weight":15},
		{"color":"green","display":"Green","color_id":13,"weight":3},
		{"color":"red","display":"Red","color_id":14,"weight":3},
		{"color":"black","display":"Black","color_id":15,"weight":15}
	]
}