{
	"rp": {
		"build/DW_Template_rp/": [
			"blocks.json",
			"entity\\lil_bot.entity.templ",
			"entity\\npc_clone.entity.templ",
			"entity\\x_bot.entity.templ",
			"models\\blocks\\block_16x01x16.geo.json",
			"models\\blocks\\block_16x02x16.geo.json",
			"models\\blocks\\block_16x03x16.geo.json",
			"models\\blocks\\block_16x04x16.geo.json",
			"models\\blocks\\block_16x05x16.geo.json",
			"models\\blocks\\block_16x06x16.geo.json",
			"models\\blocks\\block_16x07x16.geo.json",
			"models\\blocks\\block_16x08x16.geo.json",
			"models\\blocks\\block_2_slabs.json",
			"models\\entity\\entity_box.json",
			"models\\entity\\rectangle.json",
			"pack_icon.png",
			"render_controllers\\lil_bot.render_controllers.templ",
			"render_controllers\\x_bot.render_controllers.templ",
			"texts\\en_US.lang",
			"textures\\blocks\\blockbench_slab.png",
			"textures\\blocks\\invisible.png",
			"textures\\blocks\\phrase_test_block.png",
			"textures\\colors\\black.png",
			"textures\\colors\\blue.png",
			"textures\\colors\\brown.png",
			"textures\\colors\\color_0.png",
			"textures\\colors\\color_1.png",
			"textures\\colors\\color_10.png",
			"textures\\colors\\color_11.png",
			"textures\\colors\\color_12.png",
			"textures\\colors\\color_13.png",
			"textures\\colors\\color_14.png",
			"textures\\colors\\color_15.png",
			"textures\\colors\\color_2.png",
			"textures\\colors\\color_3.png",
			"textures\\colors\\color_4.png",
			"textures\\colors\\color_5.png",
			"textures\\colors\\color_6.png",
			"textures\\colors\\color_7.png",
			"textures\\colors\\color_8.png",
			"textures\\colors\\color_9.png",
			"textures\\colors\\cyan.png",
			"textures\\colors\\gold.png",
			"textures\\colors\\gray.png",
			"textures\\colors\\green.png",
			"textures\\colors\\light_blue.png",
			"textures\\colors\\light_gray.png",
			"textures\\colors\\lime.png",
			"textures\\colors\\magenta.png",
			"textures\\colors\\orange.png",
			"textures\\colors\\pink.png",
			"textures\\colors\\purple.png",
			"textures\\colors\\red.png",
			"textures\\colors\\white.png",
			"textures\\colors\\yellow.png",
			"textures\\entity\\npc\\lil_bot\\black.png",
			"textures\\entity\\npc\\lil_bot\\blue.png",
			"textures\\entity\\npc\\lil_bot\\cyan.png",
			"textures\\entity\\npc\\lil_bot\\gold.png",
			"textures\\entity\\npc\\lil_bot\\og.png",
			"textures\\entity\\npc\\lil_bot\\orange.png",
			"textures\\entity\\npc\\lil_bot\\red.png",
			"textures\\entity\\npc\\lil_bot\\white.png",
			"textures\\item_texture.json",
			"textures\\items\\invisible.png",
			"textures\\items\\menu_remote.png",
			"textures\\items\\menu_remote_stick.png",
			"textures\\items\\menu_tablet.png",
			"textures\\items\\wand.png",
			"textures\\terrain_texture.json"
		],
		"build/RP/": [
			"blocks.json",
			"entity\\my_entity.json",
			"manifest.json",
			"models\\blocks\\block_16x01x16.geo.json",
			"models\\blocks\\block_16x02x16.geo.json",
			"models\\blocks\\block_16x03x16.geo.json",
			"models\\blocks\\block_16x04x16.geo.json",
			"models\\blocks\\block_16x05x16.geo.json",
			"models\\blocks\\block_16x06x16.geo.json",
			"models\\blocks\\block_16x07x16.geo.json",
			"models\\blocks\\block_16x08x16.geo.json",
			"models\\entity\\rectangle.json",
			"pack_icon.png",
			"texts\\en_US.lang",
			"textures\\colors\\black.png",
			"textures\\colors\\blue.png",
			"textures\\colors\\brown.png",
			"textures\\colors\\cyan.png",
			"textures\\colors\\gold.png",
			"textures\\colors\\gray.png",
			"textures\\colors\\green.png",
			"textures\\colors\\light_blue.png",
			"textures\\colors\\light_gray.png",
			"textures\\colors\\lime.png",
			"textures\\colors\\magenta.png",
			"textures\\colors\\orange.png",
			"textures\\colors\\pink.png",
			"textures\\colors\\purple.png",
			"textures\\colors\\red.png",
			"textures\\colors\\white.png",
			"textures\\colors\\yellow.png",
			"textures\\item_texture.json",
			"textures\\items\\wand.png",
			"textures\\items\\wand_red.png",
			"textures\\terrain_texture.json"
		]
	},
	"bp": {
		"build/BP/": [
			"animation_controllers\\afk_query.ac.json",
			"animation_controllers\\death_query.ac.json",
			"animation_controllers\\ops_query.ac.json",
			"animations\\ops_activate.json",
			"entities\\my_entity.json",
			"entities\\player.json",
			"entities\\wither.json",
			"functions\\dw623\\animation_controllers\\death_alive_on_entry.mcfunction",
			"functions\\dw623\\animation_controllers\\death_alive_on_exit.mcfunction",
			"functions\\dw623\\animation_controllers\\death_dead_on_entry.mcfunction",
			"functions\\dw623\\msg\\deaths_tellall.mcfunction",
			"functions\\dw623\\msg\\whoami.mcfunction",
			"functions\\dw623\\players\\none.mcfunction",
			"functions\\dw623\\players\\nsew\\actionbar_display.mcfunction",
			"functions\\dw623\\players\\on_load\\is_loaded.mcfunction",
			"functions\\dw623\\players\\on_load\\new.mcfunction",
			"functions\\dw623\\players\\on_load\\playerid_set.mcfunction",
			"functions\\dw623\\players\\on_load\\returning.mcfunction",
			"functions\\dw623\\players\\teams\\team_tag.mcfunction",
			"functions\\dw623\\protection\\illegal.mcfunction",
			"functions\\dw623\\protection\\monsters.mcfunction",
			"functions\\dw623\\protection\\wither.mcfunction",
			"functions\\dw623\\scoreboards\\adjust\\droppeditems.mcfunction",
			"functions\\dw623\\scoreboards\\adjust\\session.mcfunction",
			"functions\\dw623\\scoreboards\\adjust\\session_ticks.mcfunction",
			"functions\\dw623\\scoreboards\\adjust\\survival.mcfunction",
			"functions\\dw623\\scoreboards\\adjust\\survivalmax.mcfunction",
			"functions\\dw623\\scoreboards\\adjust\\totalminutes.mcfunction",
			"functions\\dw623\\scoreboards\\default\\create.mcfunction",
			"functions\\dw623\\scoreboards\\default\\set_constants.mcfunction",
			"functions\\dw623\\scoreboards\\default\\set_players.mcfunction",
			"functions\\dw623\\scoreboards\\display\\ancientdebrisctr.mcfunction",
			"functions\\dw623\\scoreboards\\display\\anydisplay.mcfunction",
			"functions\\dw623\\scoreboards\\display\\deathcount.mcfunction",
			"functions\\dw623\\scoreboards\\display\\diamondctr.mcfunction",
			"functions\\dw623\\scoreboards\\display\\miningctr.mcfunction",
			"functions\\dw623\\scoreboards\\display\\random.mcfunction",
			"functions\\dw623\\scoreboards\\display\\session.mcfunction",
			"functions\\dw623\\scoreboards\\display\\survival.mcfunction",
			"functions\\dw623\\scoreboards\\display\\survivalmax.mcfunction",
			"functions\\dw623\\scoreboards\\display\\totalminutes.mcfunction",
			"functions\\dw623\\scoreboards\\list\\afk.mcfunction",
			"functions\\dw623\\scoreboards\\list\\ancientdebrisctr.mcfunction",
			"functions\\dw623\\scoreboards\\list\\deathcount.mcfunction",
			"functions\\dw623\\scoreboards\\list\\diamondctr.mcfunction",
			"functions\\dw623\\scoreboards\\list\\miningctr.mcfunction",
			"functions\\dw623\\scoreboards\\list\\session.mcfunction",
			"functions\\dw623\\scoreboards\\list\\survival.mcfunction",
			"functions\\dw623\\scoreboards\\list\\survivalmax.mcfunction",
			"functions\\dw623\\scoreboards\\list\\totalminutes.mcfunction",
			"functions\\dw623\\ticks\\t01.mcfunction",
			"functions\\dw623\\ticks\\tickdotjson.mcfunction",
			"functions\\tick.json",
			"items\\wand.json",
			"manifest.json",
			"pack_icon.png"
		],
		"build/DW_Template_bp/": [
			"dialogue\\menu_player.templ",
			"dialogue\\this_bot_scenes.templ",
			"entities\\lil_bot.bp.templ",
			"entities\\npc.templ",
			"entities\\npc_clone..templ",
			"entities\\x_bot.bp.templ",
			"items\\dialogue_wand.json",
			"items\\x_bot_stick.bp.templ",
			"manifest.json",
			"pack_icon.png",
			"recipes\\da_bot_stick.recipe.templ",
			"scripts\\main.js"
		]
	}
}