{
  "format_version": "1.20.30",
  "minecraft:entity": {
    "description": {
      "identifier": "dw623:sugar_cane_minion__24",
      "is_spawnable": false,
      "is_summonable": true,
      "is_experimental": false
    },
    "component_groups": {
      "cg:delay_timer_step_2": {
        "minecraft:timer": {
          "time": 0.05,
          "looping": false,
          "randomInterval": false,
          "time_down_event": {
            "event": "ev:step_2_minion_process"
          }
        }
      },
      "cg:delay_timer_step_2_minion": {
        "minecraft:timer": {
          "time": 0.05,
          "looping": false,
          "randomInterval": false,
          "time_down_event": {
            "event": "ev:step_2_minion_process"
          }
        }
      },
      "cg:delay_timer_step_3_summon": {
        "minecraft:timer": {
          "time": [
            0.01,
            0.25
          ],
          "looping": false,
          "randomInterval": true,
          "time_down_event": {
            "event": "ev:step_3_summon_to_neighbors"
          }
        }
      },
      "cg:despawn": {
        "minecraft:instant_despawn": {
        }
      },
      "cg:despawn_guarantee_timer": {
        "minecraft:timer": {
          "time": 0.1,
          "looping": false,
          "randomInterval": false,
          "time_down_event": {
            "event": "ev:despawn"
          }
        }
      },
      "cg:despawn_if_air_after_summoning": {
        "minecraft:despawn": {
          "filters": {
            "test": "in_block",
            "value": "minecraft:air"
          }
        }
      }
    },
    "components": {
      "minecraft:despawn": {
        "filters": {
          "none_of": [
            {
              "test": "in_block",
              "value": "minecraft:reeds"
            },
            {
              "test": "in_block",
              "value": "minecraft:air"
            }
          ]
        }
      },
      "minecraft:type_family": {
        "family": [
          "sugar_cane_minion",
          "minion"
        ]
      },
      "minecraft:breathable": {
        "breathes_air": true,
        "breathes_lava": true,
        "breathes_solids": true,
        "breathes_water": true,
        "generates_bubbles": false,
        "inhale_time": 1.0,
        "suffocate_time": 10,
        "total_supply": 10
      },
      "minecraft:collision_box": {
        "height": 0.125,
        "width": 0.125
      },
      "minecraft:damage_sensor": {
        "triggers": {
          "cause": "all",
          "deals_damage": false
        }
      },
      "minecraft:health": {
        "value": 10,
        "max": 10
      },
      "minecraft:physics": {
        "has_gravity": false,
        "has_collision": false
      },
      "minecraft:scale": {
        "value": 0.25
      },
      "minecraft:timer": {
        "time": 5,
        "looping": false,
        "randomInterval": false,
        "time_down_event": {
          "event": "ev:despawn"
        }
      }
    },
    "events": {
      "minecraft:entity_spawned": {
        "sequence": [
          {
            "run_command": {
              "command": [
                "execute align xyz run tp @s ~0.5 ~0.5 ~0.5"
              ]
            }
          },
          {
            "filters": {
              "none_of": [
                {
                  "test": "in_block",
                  "value": "minecraft:reeds"
                },
                {
                  "test": "in_block",
                  "value": "minecraft:air"
                }
              ]
            },
            "trigger": "ev:despawn"
          },
          {
            "filters": {
              "any_of": [
                {
                  "test": "in_block",
                  "value": "minecraft:reeds"
                },
                {
                  "test": "in_block",
                  "value": "minecraft:air"
                }
              ]
            },
            "add": {
              "component_groups": [
                "cg:delay_timer_step_2"
              ]
            }
          }
        ]
      },
      "ev:step_2_minion_process": {
        "sequence": [
          {
            "run_command": {
              "command": [
                "execute unless entity @e[family=sugar_cane_minion,x=~-1,y=~,z=~,dx=0,dy=0,dz=0] run summon dw623:sugar_cane_minion_23 ~-1 ~ ~",
                "execute unless entity @e[family=sugar_cane_minion,x=~1,y=~,z=~,dx=0,dy=0,dz=0] run summon dw623:sugar_cane_minion_23 ~1 ~ ~",
                "execute unless entity @e[family=sugar_cane_minion,x=~,y=~,z=~-1,dx=0,dy=0,dz=0] run summon dw623:sugar_cane_minion_23 ~ ~ ~-1",
                "execute unless entity @e[family=sugar_cane_minion,x=~,y=~,z=~1,dx=0,dy=0,dz=0] run summon dw623:sugar_cane_minion_23 ~ ~ ~1"
              ]
            }
          },
          {
            "filters": {
              "test": "in_block",
              "value": "minecraft:reeds"
            },
            "run_command": {
              "command": [
                "fill ~ ~ ~  ~ ~ ~ air destroy"
              ]
            }
          },
          {
            "run_command": {
              "command": [
                "execute unless entity @e[r=48,family=sugar_cane_chest,family=hungry] run summon dw623:sugar_cane_loot_chest ~ ~ ~ 0 0 ev:entity_spawned Sugar-Cane-Loot"
              ]
            }
          },
          {
            "trigger": "ev:despawn"
          }
        ]
      },
      "ev:despawn": {
        "add": {
          "component_groups": [
            "cg:despawn"
          ]
        }
      }
    }
  }
}