{
	"format_version": "1.12.0",
	"minecraft:geometry": [
		{
			"description": {
				"identifier": "geometry.block_16x4x16_floor",
				"texture_width": 16,
				"texture_height": 16,
				"visible_bounds_width": 3,
				"visible_bounds_height": 2,
				"visible_bounds_offset": [0, 1, 0]
			},
			"bones": [
				{
					"name": "bb_main",
					"pivot": [0, 0, 0],
					"cubes": [
						{
							"origin": [-8, 0, -8],
							"size": [16, 4, 16],
							"uv": {
								"north": {"uv": [0, 0], "uv_size": [16,4]},
								"east": {"uv": [0, 0], "uv_size": [16,4]},
								"south": {"uv": [0, 0], "uv_size": [16,4]},
								"west": {"uv": [0, 0], "uv_size": [16,4]},
								"up": {"uv": [16, 16], "uv_size": [-16, -16]},
								"down": {"uv": [16, 16], "uv_size": [-16, -16]}
							}
						}
					]
				}
			]
		},
		{
			"description": {
				"identifier": "geometry.block_16x4x16_ceiling",
				"texture_width": 16,
				"texture_height": 16,
				"visible_bounds_width": 3,
				"visible_bounds_height": 2,
				"visible_bounds_offset": [0, 1, 0]
			},
			"bones": [
				{
					"name": "bb_main",
					"pivot": [0, 0, 0],
					"cubes": [
						{
							"origin": [-8, 12, -8],
							"size": [16, 4, 16],
							"uv": {
								"north": {"uv": [0, 0], "uv_size": [16,4]},
								"east": {"uv": [0, 0], "uv_size": [16,4]},
								"south": {"uv": [0, 0], "uv_size": [16,4]},
								"west": {"uv": [0, 0], "uv_size": [16,4]},
								"up": {"uv": [16, 16], "uv_size": [-16, -16]},
								"down": {"uv": [16, 16], "uv_size": [-16, -16]}
							}
						}
					]
				}
			]
		},	
	{
			"description": {
				"identifier": "geometry.block_16x4x16_per_box",
				"texture_width": 32,
				"texture_height": 16,
				"visible_bounds_width": 2,
				"visible_bounds_height": 1.5,
				"visible_bounds_offset": [0, 0.75, 0]
			},
			"bones": [
				{
					"name": "bb_main",
					"pivot": [0, 0, 0],
					"cubes": [{"origin": [-8, 0, -8], "size": [16, 4, 16], "uv": [0, 0]}]
				}
			]
		},
		{
			"description": {
				"identifier": "geometry.block_16x4x16_center",
				"texture_width": 16,
				"texture_height": 16,
				"visible_bounds_width": 3,
				"visible_bounds_height": 2,
				"visible_bounds_offset": [0, 1, 0]
			},
			"bones": [
				{
					"name": "bb_main",
					"pivot": [0, 0, 0],
					"cubes": [
						{
							"origin": [-8, 6, -8],
							"size": [16, 4, 16],
							"uv": {
								"north": {"uv": [0, 0], "uv_size": [16,4]},
								"east": {"uv": [0, 0], "uv_size": [16,4]},
								"south": {"uv": [0, 0], "uv_size": [16,4]},
								"west": {"uv": [0, 0], "uv_size": [16,4]},
								"up": {"uv": [16, 16], "uv_size": [-16, -16]},
								"down": {"uv": [16, 16], "uv_size": [-16, -16]}
							}
						}
					]
				}
			]
		}
	]
}