{
	"format_version": "1.12.0",
	"minecraft:geometry": [
		{
			"description": {
				"identifier": "geometry.block_2_slabs",
				"texture_width": 16,
				"texture_height": 16,
				"visible_bounds_width": 3,
				"visible_bounds_height": 2,
				"visible_bounds_offset": [0, 1, 0]
			},
			"bones": [
				{
					"name": "bb_main",
					"pivot": [0, 0, 0],
					"cubes": [
						{
							"origin": [-8, 8, -8],
							"size": [16, 8, 16],
							"uv": {
								"north": {"uv": [0, 0], "uv_size": [16,8]		, "material_instance": "top_slab"},
								"east":  {"uv": [0, 0], "uv_size": [16,8]		, "material_instance": "top_slab"},
								"south": {"uv": [0, 0], "uv_size": [16,8]		, "material_instance": "top_slab"},
								"west":  {"uv": [0, 0], "uv_size": [16,8]		, "material_instance": "top_slab"},
								"up":    {"uv": [16, 16], "uv_size": [-16, -16]	, "material_instance": "top_slab"},
								"down":  {"uv": [16, 16], "uv_size": [-16, -16]	, "material_instance": "top_slab"}
							}
						},
						{
							"origin": [-8, 0, -8],
							"size": [16, 8, 16],
							"uv": {
								"north": {"uv": [0, 8], "uv_size": [16,8]		, "material_instance": "bottom_slab"},
								"east":  {"uv": [0, 8], "uv_size": [16,8]		, "material_instance": "bottom_slab"},
								"south": {"uv": [0, 8], "uv_size": [16,8]		, "material_instance": "bottom_slab"},
								"west":  {"uv": [0, 8], "uv_size": [16,8]		, "material_instance": "bottom_slab"},
								"up":    {"uv": [16, 16], "uv_size": [-16, -16]	, "material_instance": "bottom_slab"},
								"down":  {"uv": [16, 16], "uv_size": [-16, -16]	, "material_instance": "bottom_slab"}
							}
						}
					]
				}				
			]
		},
		//the vertical needs to be tested		
		{
			"description": {
				"identifier": "geometry.block_2_slabs_vertical",
				"texture_width": 16,
				"texture_height": 16,
				"visible_bounds_width": 3,
				"visible_bounds_height": 2,
				"visible_bounds_offset": [0, 1, 0]
			},
			"bones": [
				{
					"name": "bb_main",
					"pivot": [0, 0, 0],
					"cubes": [
						{
							"origin": [-8, 8, -8],
							"size": [16, 8, 16],
							"uv": {
								"north": {"uv": [0, 0], "uv_size": [8,16]	  , "material_instance": "top_slab"},
								"east":  {"uv": [0, 0], "uv_size": [8,16]	  , "material_instance": "top_slab"},
								"south": {"uv": [0, 0], "uv_size": [8,16]	  , "material_instance": "top_slab"},
								"west":  {"uv": [0, 0], "uv_size": [8,16]	  , "material_instance": "top_slab"},
								"up":    {"uv": [16, 16], "uv_size": [-16, -8], "material_instance": "top_slab"},
								"down":  {"uv": [16, 16], "uv_size": [-16, -8], "material_instance": "top_slab"}
							}
						},
						{
							"origin": [-8, 0, -8],
							"size": [16, 8, 16],
							"uv": {
								"north": {"uv": [0, 8], "uv_size": [16,8]	  , "material_instance": "bottom_slab"},
								"east":  {"uv": [0, 8], "uv_size": [16,8]	  , "material_instance": "bottom_slab"},
								"south": {"uv": [0, 8], "uv_size": [16,8]	  , "material_instance": "bottom_slab"},
								"west":  {"uv": [0, 8], "uv_size": [16,8]	  , "material_instance": "bottom_slab"},
								"up":    {"uv": [16, 16], "uv_size": [-16, -8], "material_instance": "bottom_slab"},
								"down":  {"uv": [16, 16], "uv_size": [-16, -8], "material_instance": "bottom_slab"}
							}
						}
					]
				}				
			]
		},
		{
			"description": {
				"identifier": "geometry.block_2_slabs_per_box",
				"texture_width": 82,
				"texture_height": 16,
				"visible_bounds_width": 2,
				"visible_bounds_height": 1.5,
				"visible_bounds_offset": [0, 0.75, 0]
			},
			"bones": [
				{
					"name": "bb_main",
					"pivot": [0, 0, 0],
					"cubes": [
						{"origin": [-8, 0, -8], "size": [16, 8, 16], "uv": [0, 0], "material_instance": "top_slab"},
						{"origin": [-8, 8, -8], "size": [16, 8, 16], "uv": [0, 8], "material_instance": "bottom_slab"}
					]
				}
			]
		}
	]
}