{
  "format_version": "1.20.30",
  "minecraft:entity": {
    "description": {
      "identifier": "dw623:bamboo_minion",
      "is_spawnable": false,
      "is_summonable": true,
      "is_experimental": false
    },
    "component_groups": {
      "cg:delay_timer_step_2": {
        "minecraft:timer": {
          "time": 0.05,
          "looping": false,
          "randomInterval": false,
          "time_down_event": {
            "event": "ev:step_2_minion_process"
          }
        }
      },
      "cg:despawn": {
        "minecraft:instant_despawn": {
        }
      }
    },
    "components": {
      "minecraft:despawn": {
        "filters": {
          "none_of": [
            {
              "test": "in_block",
              "value": "minecraft:bamboo"
            },
            {
              "test": "in_block",
              "value": "minecraft:air"
            }
          ]
        }
      },
      "minecraft:type_family": {
        "family": [
          "bamboo_minion",
          "minion"
        ]
      },
      "minecraft:breathable": {
        "breathes_air": true,
        "breathes_lava": true,
        "breathes_solids": true,
        "breathes_water": true,
        "generates_bubbles": false,
        "inhale_time": 1.0,
        "suffocate_time": 100,
        "total_supply": 100
      },
      "minecraft:collision_box": {
        "height": 0.125,
        "width": 0.125
      },
      "minecraft:damage_sensor": {
        "triggers": {
          "cause": "all",
          "deals_damage": false
        }
      },
      "minecraft:health": {
        "value": 100,
        "max": 100
      },
      "minecraft:physics": {
        "has_gravity": false,
        "has_collision": false
      },
      "minecraft:scale": {
        "value": 0.25
      }
    },
    "events": {
      "minecraft:entity_spawned": {
        "sequence": [
          {
            "run_command": {
              "command": [
                "execute align xyz run tp @s ~0.5 ~0.5 ~0.5"
              ]
            }
          },
          {
            "filters": {
              "none_of": [
                {
                  "test": "in_block",
                  "value": "minecraft:bamboo"
                },
                {
                  "test": "in_block",
                  "value": "minecraft:air"
                }
              ]
            },
            "trigger": "ev:despawn"
          },
          {
            "filters": {
              "any_of": [
                {
                  "test": "in_block",
                  "value": "minecraft:bamboo"
                },
                {
                  "test": "in_block",
                  "value": "minecraft:air"
                }
              ]
            },
            "add": {
              "component_groups": [
                "cg:delay_timer_step_2"
              ]
            }
          }
        ]
      },
      "ev:step_2_minion_process": {
        "sequence": [
          {
            "run_command": {
              "command": [
                "execute if block ~-0.75 ~ ~ minecraft:bamboo run summon dw623:bamboo_minion_12 ~-1 ~ ~",
                "execute if block ~0.75 ~ ~ minecraft:bamboo run summon dw623:bamboo_minion_12 ~1 ~ ~",
                "execute if block ~ ~ ~-0.75 minecraft:bamboo run summon dw623:bamboo_minion_12 ~ ~ ~-1",
                "execute if block ~ ~ ~0.75 minecraft:bamboo run summon dw623:bamboo_minion_12 ~ ~ ~1"
              ]
            }
          },
          {
            "filters": {
              "test": "in_block",
              "value": "minecraft:bamboo"
            },
            "run_command": {
              "command": [
                "fill ~ ~ ~  ~ ~ ~ air destroy"
              ]
            }
          },
          {
            "run_command": {
              "command": [
                "execute unless entity @e[r=48,family=bamboo_chest,family=hungry] run summon dw623:bamboo_loot_chest ~ ~ ~ 0 0 ev:entity_spawned Bamboo-Loot"
              ]
            }
          },
          {
            "trigger": "ev:despawn"
          }
        ]
      },
      "ev:despawn": {
        "add": {
          "component_groups": [
            "cg:despawn"
          ]
        }
      }
    }
  }
}